OFSServer__Name__c,OFSServer__Type__c,OFSServer__OrganizationId__c,OFSServer__MetadataLog__r.Name,OFSServer__LastModifiedById__c,OFSServer__LastModifiedByName__c,OFSServer__LastModifiedDate__c
clsMetadata,ApexClass,00D36000000L6NwEAK,MD-0000628,00536000000yKQbAAM,Anand Sharma,2016-04-02T08:26:00+0530
clsLandingPage,ApexClass,00D36000000L6NwEAK,MD-0000628,00536000000yKQbAAM,Anand Sharma,2016-02-25T08:33:41+0530
DeploymentOperations,ApexClass,00D36000000L6NwEAK,MD-0000628,00536000000yKQbAAM,Anand Sharma,2016-04-07T07:14:43+0530
ReleaseEnvironment,ApexClass,00D36000000L6NwEAK,MD-0000628,00536000000yKQbAAM,Anand Sharma,2016-04-07T08:27:14+0530
PageManager,ApexClass,00D36000000L6NwEAK,MD-0000628,00536000000yKQbAAM,Anand Sharma,2016-02-17T10:19:36+0530
clsMetadata_TC,ApexClass,00D36000000L6NwEAK,MD-0000628,00536000000yKQbAAM,Anand Sharma,2016-03-10T10:29:24+0530
Auth,ApexClass,00D36000000L6NwEAK,MD-0000628,00536000000yKQbAAM,Anand Sharma,2016-02-25T08:33:15+0530
SyncDeploymentOperations,ApexClass,00D36000000L6NwEAK,MD-0000628,00536000000yKQbAAM,Anand Sharma,2016-02-25T09:09:56+0530
PostInstallClass,ApexClass,00D36000000L6NwEAK,MD-0000628,00536000000yKQbAAM,Anand Sharma,2016-02-17T10:19:36+0530
PageManager_TC,ApexClass,00D36000000L6NwEAK,MD-0000628,00536000000yKQbAAM,Anand Sharma,2016-04-07T06:07:36+0530
paginator,ApexComponent,00D36000000L6NwEAK,MD-0000628,00536000000yKQbAAM,Anand Sharma,2016-02-17T10:19:38+0530
Auth2,ApexPage,00D36000000L6NwEAK,MD-0000628,00536000000yKQbAAM,Anand Sharma,2016-02-17T10:19:38+0530
QuickDeployment,ApexPage,00D36000000L6NwEAK,MD-0000628,00536000000yKQbAAM,Anand Sharma,2016-04-07T09:26:08+0530
StatusLandingPage,ApexPage,00D36000000L6NwEAK,MD-0000628,00536000000yKQbAAM,Anand Sharma,2016-02-17T10:19:39+0530
QuickDeploy,ApexPage,00D36000000L6NwEAK,MD-0000628,00536000000yKQbAAM,Anand Sharma,2016-03-11T08:08:39+0530
ReleaseEnvironment,ApexPage,00D36000000L6NwEAK,MD-0000628,00536000000yKQbAAM,Anand Sharma,2016-02-17T10:19:39+0530
ReleasePackage,ApexPage,00D36000000L6NwEAK,MD-0000628,00536000000yKQbAAM,Anand Sharma,2016-04-05T03:11:40+0530
AuthServer,ApexPage,00D36000000L6NwEAK,MD-0000628,00536000000yKQbAAM,Anand Sharma,2016-02-17T10:19:38+0530
SFDCDeployment,ApexPage,00D36000000L6NwEAK,MD-0000628,00536000000yKQbAAM,Anand Sharma,2016-04-02T08:26:15+0530
Auth,ApexPage,00D36000000L6NwEAK,MD-0000628,00536000000yKQbAAM,Anand Sharma,2016-02-17T10:19:38+0530
executeDeployment,ApexTrigger,00D36000000L6NwEAK,MD-0000628,00536000000yUa5AAE,Sri Kanth,2016-02-27T03:02:06+0530
afterUpdateOnMetadatalog,ApexTrigger,00D36000000L6NwEAK,MD-0000628,00536000000yKQbAAM,Anand Sharma,2016-02-17T10:19:37+0530
onAfterDeleteReleasePackage,ApexTrigger,00D36000000L6NwEAK,MD-0000628,00536000000yKQbAAM,Anand Sharma,2016-02-17T10:19:37+0530
afterInsertOnQuickDeploy,ApexTrigger,00D36000000L6NwEAK,MD-0000628,00536000000yKQbAAM,Anand Sharma,2016-02-17T10:19:37+0530
beforeInserOfDeployDetails,ApexTrigger,00D36000000L6NwEAK,MD-0000628,00536000000yKQbAAM,Anand Sharma,2016-02-17T10:19:37+0530
populateEnvironment,ApexTrigger,00D36000000L6NwEAK,MD-0000628,00536000000yKQbAAM,Anand Sharma,2016-02-17T10:19:37+0530
AppSwitcher,AppMenu,00D36000000L6NwEAK,MD-0000628,00536000000yUa5AAE,Sri Kanth,1970-01-02T05:30:00+0530
Salesforce1,AppMenu,00D36000000L6NwEAK,MD-0000628,00536000000yUa5AAE,Sri Kanth,1970-01-02T05:30:00+0530
Lead.Standard,AssignmentRule,00D36000000L6NwEAK,MD-0000628,00536000000yKQbAAM,Anand Sharma,2016-02-17T10:05:49+0530
Case.Standard,AssignmentRule,00D36000000L6NwEAK,MD-0000628,00536000000yKQbAAM,Anand Sharma,2016-02-17T10:05:49+0530
Case,AssignmentRules,00D36000000L6NwEAK,MD-0000628,00536000000yUa5AAE,Sri Kanth,1970-01-02T05:30:00+0530
Lead,AssignmentRules,00D36000000L6NwEAK,MD-0000628,00536000000yUa5AAE,Sri Kanth,1970-01-02T05:30:00+0530
Lead,AutoResponseRules,00D36000000L6NwEAK,MD-0000628,00536000000yUa5AAE,Sri Kanth,1970-01-02T05:30:00+0530
Case,AutoResponseRules,00D36000000L6NwEAK,MD-0000628,00536000000yUa5AAE,Sri Kanth,1970-01-02T05:30:00+0530
Internal Community,Community,00D36000000L6NwEAK,MD-0000628,00536000000yKQbAAM,Anand Sharma,2016-02-17T10:05:49+0530
standard__Platform,CustomApplication,00D36000000L6NwEAK,MD-0000628,00536000000yKQbAAM,Anand Sharma,2016-02-17T10:05:49+0530
standard__Community,CustomApplication,00D36000000L6NwEAK,MD-0000628,00536000000yKQbAAM,Anand Sharma,2016-02-17T10:05:49+0530
standard__ServiceConsole,CustomApplication,00D36000000L6NwEAK,MD-0000628,00536000000yKQbAAM,Anand Sharma,2016-02-17T10:05:49+0530
standard__Chatter,CustomApplication,00D36000000L6NwEAK,MD-0000628,00536000000yKQbAAM,Anand Sharma,2016-02-17T10:05:49+0530
standard__Work,CustomApplication,00D36000000L6NwEAK,MD-0000628,00536000000yKQbAAM,Anand Sharma,2016-02-17T10:05:49+0530
standard__Sales,CustomApplication,00D36000000L6NwEAK,MD-0000628,00536000000yKQbAAM,Anand Sharma,2016-02-17T10:05:49+0530
standard__Service,CustomApplication,00D36000000L6NwEAK,MD-0000628,00536000000yKQbAAM,Anand Sharma,2016-02-17T10:05:49+0530
standard__Content,CustomApplication,00D36000000L6NwEAK,MD-0000628,00536000000yKQbAAM,Anand Sharma,2016-02-17T10:05:49+0530
Force_com,CustomApplication,00D36000000L6NwEAK,MD-0000628,00536000000yKQbAAM,Anand Sharma,2016-02-17T10:05:49+0530
ReleaseManagement,CustomApplication,00D36000000L6NwEAK,MD-0000628,00536000000yKQbAAM,Anand Sharma,2016-02-17T10:19:36+0530
standard__Sites,CustomApplication,00D36000000L6NwEAK,MD-0000628,00536000000yKQbAAM,Anand Sharma,2016-02-17T10:05:49+0530
standard__Marketing,CustomApplication,00D36000000L6NwEAK,MD-0000628,00536000000yKQbAAM,Anand Sharma,2016-02-17T10:05:49+0530
standard__AppLauncher,CustomApplication,00D36000000L6NwEAK,MD-0000628,00536000000yKQbAAM,Anand Sharma,2016-02-17T10:05:49+0530
MetadataLog__c.GIT_Server_URL__c,CustomField,00D36000000L6NwEAK,MD-0000628,00536000000yKQbAAM,Anand Sharma,2016-02-17T10:19:30+0530
MetadataDescription__c.RefreshDateTime__c,CustomField,00D36000000L6NwEAK,MD-0000628,00536000000yKQbAAM,Anand Sharma,2016-02-17T10:19:30+0530
DeploymentDetails__c.EmailId_for_Notification__c,CustomField,00D36000000L6NwEAK,MD-0000628,00536000000yKQbAAM,Anand Sharma,2016-02-17T10:19:29+0530
Package__c.Status__c,CustomField,00D36000000L6NwEAK,MD-0000628,00536000000yKQbAAM,Anand Sharma,2016-02-17T10:19:31+0530
MetadataLog__c.Name__c,CustomField,00D36000000L6NwEAK,MD-0000628,00536000000yKQbAAM,Anand Sharma,2016-02-17T10:19:30+0530
Account.SLA__c,CustomField,00D36000000L6NwEAK,MD-0000628,00536000000yKQbAAM,Anand Sharma,2016-02-17T10:05:49+0530
Enviroment__c.Password__c,CustomField,00D36000000L6NwEAK,MD-0000628,00536000000yKQbAAM,Anand Sharma,2016-02-17T10:19:30+0530
Package__c.ParentPackageID__c,CustomField,00D36000000L6NwEAK,MD-0000628,00536000000yKQbAAM,Anand Sharma,2016-02-17T10:19:31+0530
Package__c.QuickDeploy__c,CustomField,00D36000000L6NwEAK,MD-0000628,00536000000yKQbAAM,Anand Sharma,2016-02-17T10:19:31+0530
DeploymentDetails__c.Action__c,CustomField,00D36000000L6NwEAK,MD-0000628,00536000000yKQbAAM,Anand Sharma,2016-02-17T10:19:33+0530
Enviroment__c.GitEncrptedPassword__c,CustomField,00D36000000L6NwEAK,MD-0000628,00536000000yUa5AAE,Sri Kanth,2016-03-15T06:00:49+0530
MetadataDescription__c.MetadataLog__c,CustomField,00D36000000L6NwEAK,MD-0000628,00536000000yKQbAAM,Anand Sharma,2016-02-17T10:19:30+0530
MetadataLog__c.TargetOrgRefreshToken__c,CustomField,00D36000000L6NwEAK,MD-0000628,00536000000yKQbAAM,Anand Sharma,2016-02-17T10:19:31+0530
Opportunity.TrackingNumber__c,CustomField,00D36000000L6NwEAK,MD-0000628,00536000000yKQbAAM,Anand Sharma,2016-02-17T10:05:49+0530
ReleaseEnvironment__c.Status__c,CustomField,00D36000000L6NwEAK,MD-0000628,00536000000yKQbAAM,Anand Sharma,2016-02-17T10:19:31+0530
PackageComponent__c.ParentPackageCompID__c,CustomField,00D36000000L6NwEAK,MD-0000628,00536000000yKQbAAM,Anand Sharma,2016-02-17T10:19:31+0530
Enviroment__c.Enable_Version_Control__c,CustomField,00D36000000L6NwEAK,MD-0000628,00536000000yKQbAAM,Anand Sharma,2016-02-17T10:19:29+0530
MetadataLog__c.OrganizationId__c,CustomField,00D36000000L6NwEAK,MD-0000628,00536000000yKQbAAM,Anand Sharma,2016-02-17T10:19:30+0530
Releases__c.ReleaseStatus__c,CustomField,00D36000000L6NwEAK,MD-0000628,00536000000yKQbAAM,Anand Sharma,2016-02-17T10:19:33+0530
MetadataDescription__c.Last_Modified_Date__c,CustomField,00D36000000L6NwEAK,MD-0000628,00536000000yKQbAAM,Anand Sharma,2016-03-11T07:55:23+0530
Package__c.Send_Deployment_Complete_email__c,CustomField,00D36000000L6NwEAK,MD-0000628,00536000000yKQbAAM,Anand Sharma,2016-02-17T10:19:31+0530
MetadataLog__c.Status__c,CustomField,00D36000000L6NwEAK,MD-0000628,00536000000yKQbAAM,Anand Sharma,2016-02-17T10:19:31+0530
Lead.Primary__c,CustomField,00D36000000L6NwEAK,MD-0000628,00536000000yKQbAAM,Anand Sharma,2016-02-17T10:05:49+0530
DeploymentDetails__c.Environment__c,CustomField,00D36000000L6NwEAK,MD-0000628,00536000000yKQbAAM,Anand Sharma,2016-02-17T10:19:29+0530
PackageComponent__c.Order__c,CustomField,00D36000000L6NwEAK,MD-0000628,00536000000yKQbAAM,Anand Sharma,2016-02-17T10:19:31+0530
DeploymentSetting__c.Server_URL__c,CustomField,00D36000000L6NwEAK,MD-0000628,00536000000yKQbAAM,Anand Sharma,2016-02-17T10:19:29+0530
Enviroment__c.Git_Passwords__c,CustomField,00D36000000L6NwEAK,MD-0000628,00536000000yUa5AAE,Sri Kanth,2016-03-18T06:21:45+0530
DeployMetadata__c.Order__c,CustomField,00D36000000L6NwEAK,MD-0000628,00536000000yKQbAAM,Anand Sharma,2016-02-17T10:19:29+0530
MetadataLog__c.ReleaseEnvironment__c,CustomField,00D36000000L6NwEAK,MD-0000628,00536000000yKQbAAM,Anand Sharma,2016-02-17T10:19:31+0530
Account.Active__c,CustomField,00D36000000L6NwEAK,MD-0000628,00536000000yKQbAAM,Anand Sharma,2016-02-17T10:05:49+0530
Enviroment__c.Org_ID__c,CustomField,00D36000000L6NwEAK,MD-0000628,00536000000yKQbAAM,Anand Sharma,2016-02-17T10:19:30+0530
Enviroment__c.User_Name__c,CustomField,00D36000000L6NwEAK,MD-0000628,00536000000yKQbAAM,Anand Sharma,2016-02-17T10:19:30+0530
ReleaseEnvironment__c.Releases__c,CustomField,00D36000000L6NwEAK,MD-0000628,00536000000yKQbAAM,Anand Sharma,2016-02-17T10:19:29+0530
ReleaseEnvironment__c.QuickDeployID__c,CustomField,00D36000000L6NwEAK,MD-0000628,00536000000yKQbAAM,Anand Sharma,2016-04-07T07:11:52+0530
ReleasePackage__c.Release__c,CustomField,00D36000000L6NwEAK,MD-0000628,00536000000yKQbAAM,Anand Sharma,2016-02-17T10:19:29+0530
Opportunity.CurrentGenerators__c,CustomField,00D36000000L6NwEAK,MD-0000628,00536000000yKQbAAM,Anand Sharma,2016-02-17T10:05:49+0530
MetadataLog__c.SourceOrganizationURL__c,CustomField,00D36000000L6NwEAK,MD-0000628,00536000000yKQbAAM,Anand Sharma,2016-02-17T10:19:31+0530
MetadataDescription__c.OrganizationId__c,CustomField,00D36000000L6NwEAK,MD-0000628,00536000000yKQbAAM,Anand Sharma,2016-02-17T10:19:30+0530
ReleasePackage__c.Package__c,CustomField,00D36000000L6NwEAK,MD-0000628,00536000000yKQbAAM,Anand Sharma,2016-02-17T10:19:29+0530
Enviroment__c.RefreshTokenCode__c,CustomField,00D36000000L6NwEAK,MD-0000628,00536000000yKQbAAM,Anand Sharma,2016-02-17T10:19:30+0530
Case.Product__c,CustomField,00D36000000L6NwEAK,MD-0000628,00536000000yKQbAAM,Anand Sharma,2016-02-17T10:05:49+0530
DeployMetadata__c.DeployedDateTime__c,CustomField,00D36000000L6NwEAK,MD-0000628,00536000000yKQbAAM,Anand Sharma,2016-02-17T10:19:29+0530
Opportunity.MainCompetitors__c,CustomField,00D36000000L6NwEAK,MD-0000628,00536000000yKQbAAM,Anand Sharma,2016-02-17T10:05:49+0530
PackageComponent__c.RequestedDateTime__c,CustomField,00D36000000L6NwEAK,MD-0000628,00536000000yKQbAAM,Anand Sharma,2016-02-17T10:19:31+0530
ReleasePackage__c.Source_Environment__c,CustomField,00D36000000L6NwEAK,MD-0000628,00536000000yKQbAAM,Anand Sharma,2016-04-05T02:56:58+0530
Lead.SICCode__c,CustomField,00D36000000L6NwEAK,MD-0000628,00536000000yKQbAAM,Anand Sharma,2016-02-17T10:05:49+0530
DeployMetadata__c.Release__c,CustomField,00D36000000L6NwEAK,MD-0000628,00536000000yKQbAAM,Anand Sharma,2016-02-17T10:19:29+0530
Account.UpsellOpportunity__c,CustomField,00D36000000L6NwEAK,MD-0000628,00536000000yKQbAAM,Anand Sharma,2016-02-17T10:05:49+0530
Opportunity.DeliveryInstallationStatus__c,CustomField,00D36000000L6NwEAK,MD-0000628,00536000000yKQbAAM,Anand Sharma,2016-02-17T10:05:49+0530
ReleasePackage__c.Target_Environment__c,CustomField,00D36000000L6NwEAK,MD-0000628,00536000000yKQbAAM,Anand Sharma,2016-04-07T01:10:20+0530
PackageComponent__c.SourceOrganizationId__c,CustomField,00D36000000L6NwEAK,MD-0000628,00536000000yKQbAAM,Anand Sharma,2016-02-17T10:19:31+0530
Releases__c.DeployNow__c,CustomField,00D36000000L6NwEAK,MD-0000628,00536000000yKQbAAM,Anand Sharma,2016-02-17T10:19:31+0530
Releases__c.Status__c,CustomField,00D36000000L6NwEAK,MD-0000628,00536000000yKQbAAM,Anand Sharma,2016-02-17T10:19:32+0530
PackageComponent__c.Name__c,CustomField,00D36000000L6NwEAK,MD-0000628,00536000000yKQbAAM,Anand Sharma,2016-02-17T10:19:31+0530
MetadataLog__c.RecordId__c,CustomField,00D36000000L6NwEAK,MD-0000628,00536000000yKQbAAM,Anand Sharma,2016-02-17T10:19:31+0530
Account.NumberofLocations__c,CustomField,00D36000000L6NwEAK,MD-0000628,00536000000yKQbAAM,Anand Sharma,2016-02-17T10:05:49+0530
Account.SLAExpirationDate__c,CustomField,00D36000000L6NwEAK,MD-0000628,00536000000yKQbAAM,Anand Sharma,2016-02-17T10:05:49+0530
Enviroment__c.Server_URL__c,CustomField,00D36000000L6NwEAK,MD-0000628,00536000000yKQbAAM,Anand Sharma,2016-02-17T10:19:30+0530
MetadataLog__c.Releases__c,CustomField,00D36000000L6NwEAK,MD-0000628,00536000000yKQbAAM,Anand Sharma,2016-02-17T10:19:31+0530
Case.PotentialLiability__c,CustomField,00D36000000L6NwEAK,MD-0000628,00536000000yKQbAAM,Anand Sharma,2016-02-17T10:05:49+0530
MetadataLog__c.BaseOrgToken__c,CustomField,00D36000000L6NwEAK,MD-0000628,00536000000yKQbAAM,Anand Sharma,2016-02-17T10:19:30+0530
Case.SLAViolation__c,CustomField,00D36000000L6NwEAK,MD-0000628,00536000000yKQbAAM,Anand Sharma,2016-02-17T10:05:49+0530
MetadataLog__c.Action__c,CustomField,00D36000000L6NwEAK,MD-0000628,00536000000yKQbAAM,Anand Sharma,2016-02-17T10:19:30+0530
Enviroment__c.Git_User_Name__c,CustomField,00D36000000L6NwEAK,MD-0000628,00536000000yKQbAAM,Anand Sharma,2016-02-17T10:19:30+0530
Lead.NumberofLocations__c,CustomField,00D36000000L6NwEAK,MD-0000628,00536000000yKQbAAM,Anand Sharma,2016-02-17T10:05:49+0530
PackageComponent__c.Package__c,CustomField,00D36000000L6NwEAK,MD-0000628,00536000000yKQbAAM,Anand Sharma,2016-02-17T10:19:28+0530
Enviroment__c.TokenCode__c,CustomField,00D36000000L6NwEAK,MD-0000628,00536000000yKQbAAM,Anand Sharma,2016-02-17T10:19:30+0530
MetadataLog__c.SourceOrgToken__c,CustomField,00D36000000L6NwEAK,MD-0000628,00536000000yKQbAAM,Anand Sharma,2016-02-17T10:19:31+0530
Contact.Languages__c,CustomField,00D36000000L6NwEAK,MD-0000628,00536000000yKQbAAM,Anand Sharma,2016-02-17T10:05:49+0530
PackageComponent__c.Environment__c,CustomField,00D36000000L6NwEAK,MD-0000628,00536000000yKQbAAM,Anand Sharma,2016-02-17T10:19:31+0530
DeploymentDetails__c.Type__c,CustomField,00D36000000L6NwEAK,MD-0000628,00536000000yKQbAAM,Anand Sharma,2016-02-17T10:19:29+0530
MetadataLog__c.ID__c,CustomField,00D36000000L6NwEAK,MD-0000628,00536000000yKQbAAM,Anand Sharma,2016-02-17T10:19:30+0530
MetadataLog__c.BaseOrgRefreshToken__c,CustomField,00D36000000L6NwEAK,MD-0000628,00536000000yKQbAAM,Anand Sharma,2016-02-17T10:19:30+0530
MetadataDescription__c.Type__c,CustomField,00D36000000L6NwEAK,MD-0000628,00536000000yKQbAAM,Anand Sharma,2016-02-17T10:19:30+0530
Releases__c.Package__c,CustomField,00D36000000L6NwEAK,MD-0000628,00536000000yKQbAAM,Anand Sharma,2016-02-17T10:19:31+0530
Enviroment__c.Type__c,CustomField,00D36000000L6NwEAK,MD-0000628,00536000000yKQbAAM,Anand Sharma,2016-02-17T10:19:30+0530
PackageComponent__c.Type__c,CustomField,00D36000000L6NwEAK,MD-0000628,00536000000yKQbAAM,Anand Sharma,2016-02-17T10:19:31+0530
Account.CustomerPriority__c,CustomField,00D36000000L6NwEAK,MD-0000628,00536000000yKQbAAM,Anand Sharma,2016-02-17T10:05:49+0530
Lead.ProductInterest__c,CustomField,00D36000000L6NwEAK,MD-0000628,00536000000yKQbAAM,Anand Sharma,2016-02-17T10:05:49+0530
ReleaseEnvironment__c.Environment__c,CustomField,00D36000000L6NwEAK,MD-0000628,00536000000yKQbAAM,Anand Sharma,2016-02-17T10:19:31+0530
MetadataDescription__c.LastModifiedById__c,CustomField,00D36000000L6NwEAK,MD-0000628,00536000000yUa5AAE,Sri Kanth,2016-03-10T11:05:27+0530
DeployMetadata__c.OrganizationId__c,CustomField,00D36000000L6NwEAK,MD-0000628,00536000000yKQbAAM,Anand Sharma,2016-02-17T10:19:29+0530
MetadataLog__c.Error_Message__c,CustomField,00D36000000L6NwEAK,MD-0000628,00536000000yKQbAAM,Anand Sharma,2016-02-17T10:19:30+0530
DeployMetadata__c.SourceOrganizationId__c,CustomField,00D36000000L6NwEAK,MD-0000628,00536000000yKQbAAM,Anand Sharma,2016-02-17T10:19:29+0530
MetadataLog__c.Enable_Version_Control__c,CustomField,00D36000000L6NwEAK,MD-0000628,00536000000yKQbAAM,Anand Sharma,2016-02-17T10:19:30+0530
Enviroment__c.TokenCodeNonEncrypted__c,CustomField,00D36000000L6NwEAK,MD-0000628,00536000000yKQbAAM,Anand Sharma,2016-02-17T10:19:30+0530
DeploymentSetting__c.BaseOrganizationId__c,CustomField,00D36000000L6NwEAK,MD-0000628,00536000000yKQbAAM,Anand Sharma,2016-02-17T10:19:29+0530
Account.SLASerialNumber__c,CustomField,00D36000000L6NwEAK,MD-0000628,00536000000yKQbAAM,Anand Sharma,2016-02-17T10:05:49+0530
Lead.CurrentGenerators__c,CustomField,00D36000000L6NwEAK,MD-0000628,00536000000yKQbAAM,Anand Sharma,2016-02-17T10:05:49+0530
MetadataLog__c.TargetOrgTokenNonEncrypted__c,CustomField,00D36000000L6NwEAK,MD-0000628,00536000000yKQbAAM,Anand Sharma,2016-02-17T10:19:31+0530
MetadataDescription__c.LastModifiedByName__c,CustomField,00D36000000L6NwEAK,MD-0000628,00536000000yKQbAAM,Anand Sharma,2016-03-11T07:56:56+0530
MetadataLog__c.BaseOrgUrl__c,CustomField,00D36000000L6NwEAK,MD-0000628,00536000000yKQbAAM,Anand Sharma,2016-02-17T10:19:30+0530
DeploymentDetails__c.MetadataLog__c,CustomField,00D36000000L6NwEAK,MD-0000628,00536000000yKQbAAM,Anand Sharma,2016-02-17T10:19:29+0530
MetadataDescription__c.APIName__c,CustomField,00D36000000L6NwEAK,MD-0000628,00536000000yKQbAAM,Anand Sharma,2016-03-30T03:20:26+0530
Enviroment__c.GitPassword__c,CustomField,00D36000000L6NwEAK,MD-0000628,00536000000yKQbAAM,Anand Sharma,2016-02-17T10:19:30+0530
DeploymentDetails__c.Name__c,CustomField,00D36000000L6NwEAK,MD-0000628,00536000000yKQbAAM,Anand Sharma,2016-02-17T10:19:29+0530
DeploymentSetting__c.TokenCode__c,CustomField,00D36000000L6NwEAK,MD-0000628,00536000000yKQbAAM,Anand Sharma,2016-02-17T10:19:29+0530
Releases__c.Combined_Deployment__c,CustomField,00D36000000L6NwEAK,MD-0000628,00536000000yKQbAAM,Anand Sharma,2016-04-07T12:57:48+0530
MetadataLog__c.BaseOrgId__c,CustomField,00D36000000L6NwEAK,MD-0000628,00536000000yKQbAAM,Anand Sharma,2016-02-17T10:19:30+0530
DeploymentSetting__c.RefreshTokenCode__c,CustomField,00D36000000L6NwEAK,MD-0000628,00536000000yKQbAAM,Anand Sharma,2016-02-17T10:19:29+0530
DeploymentDetails__c.Releases__c,CustomField,00D36000000L6NwEAK,MD-0000628,00536000000yKQbAAM,Anand Sharma,2016-02-17T10:19:29+0530
Opportunity.OrderNumber__c,CustomField,00D36000000L6NwEAK,MD-0000628,00536000000yKQbAAM,Anand Sharma,2016-02-17T10:05:49+0530
PackageComponent__c.DeployedDateTime__c,CustomField,00D36000000L6NwEAK,MD-0000628,00536000000yKQbAAM,Anand Sharma,2016-02-17T10:19:31+0530
DeploymentDetails__c.Error_Message__c,CustomField,00D36000000L6NwEAK,MD-0000628,00536000000yKQbAAM,Anand Sharma,2016-02-17T10:19:29+0530
Releases__c.Schedule_Deployment__c,CustomField,00D36000000L6NwEAK,MD-0000628,00536000000yKQbAAM,Anand Sharma,2016-02-17T10:19:32+0530
Enviroment__c.EmailId_for_Notification__c,CustomField,00D36000000L6NwEAK,MD-0000628,00536000000yKQbAAM,Anand Sharma,2016-02-17T10:19:29+0530
MetadataDescription__c.LastModifiedDate__c,CustomField,00D36000000L6NwEAK,MD-0000628,00536000000yKQbAAM,Anand Sharma,2016-03-11T07:57:25+0530
Enviroment__c.GIT_Server_URL__c,CustomField,00D36000000L6NwEAK,MD-0000628,00536000000yKQbAAM,Anand Sharma,2016-02-17T10:19:30+0530
ReleasePackage__c.Order__c,CustomField,00D36000000L6NwEAK,MD-0000628,00536000000yKQbAAM,Anand Sharma,2016-02-17T10:19:31+0530
Package__c.Description__c,CustomField,00D36000000L6NwEAK,MD-0000628,00536000000yKQbAAM,Anand Sharma,2016-02-17T10:19:31+0530
Releases__c.ReleaseName__c,CustomField,00D36000000L6NwEAK,MD-0000628,00536000000yKQbAAM,Anand Sharma,2016-02-17T10:19:32+0530
DeployMetadata__c.RequestedDateTime__c,CustomField,00D36000000L6NwEAK,MD-0000628,00536000000yKQbAAM,Anand Sharma,2016-02-17T10:19:29+0530
Quick_Deploy__c.Status__c,CustomField,00D36000000L6NwEAK,MD-0000628,00536000000yKQbAAM,Anand Sharma,2016-02-17T10:19:31+0530
MetadataLog__c.TargetOrgToken__c,CustomField,00D36000000L6NwEAK,MD-0000628,00536000000yKQbAAM,Anand Sharma,2016-02-17T10:19:31+0530
Enviroment__c.OrganizationId__c,CustomField,00D36000000L6NwEAK,MD-0000628,00536000000yKQbAAM,Anand Sharma,2016-02-17T10:19:33+0530
MetadataLog__c.SourceOrgRefreshToken__c,CustomField,00D36000000L6NwEAK,MD-0000628,00536000000yKQbAAM,Anand Sharma,2016-02-17T10:19:31+0530
MetadataDescription__c.Name__c,CustomField,00D36000000L6NwEAK,MD-0000628,00536000000yKQbAAM,Anand Sharma,2016-02-17T10:19:30+0530
Case.EngineeringReqNumber__c,CustomField,00D36000000L6NwEAK,MD-0000628,00536000000yKQbAAM,Anand Sharma,2016-02-17T10:05:49+0530
DeployMetadata__c.Package__c,CustomField,00D36000000L6NwEAK,MD-0000628,00536000000yKQbAAM,Anand Sharma,2016-02-17T10:19:28+0530
MetadataLog__c.ValidationSucessId__c,CustomField,00D36000000L6NwEAK,MD-0000628,00536000000yUa5AAE,Sri Kanth,2016-04-02T12:21:20+0530
DeployMetadata__c.Name__c,CustomField,00D36000000L6NwEAK,MD-0000628,00536000000yKQbAAM,Anand Sharma,2016-02-17T10:19:29+0530
ReleasePackage__c.PackageParentId__c,CustomField,00D36000000L6NwEAK,MD-0000628,00536000000yKQbAAM,Anand Sharma,2016-02-17T10:19:33+0530
DeployMetadata__c.Type__c,CustomField,00D36000000L6NwEAK,MD-0000628,00536000000yKQbAAM,Anand Sharma,2016-02-17T10:19:29+0530
DeploymentDetails__c.Status__c,CustomField,00D36000000L6NwEAK,MD-0000628,00536000000yKQbAAM,Anand Sharma,2016-02-17T10:19:29+0530
Contact.Level__c,CustomField,00D36000000L6NwEAK,MD-0000628,00536000000yKQbAAM,Anand Sharma,2016-02-17T10:05:49+0530
DeployMetadata__c.MetadataLog__c,CustomField,00D36000000L6NwEAK,MD-0000628,00536000000yKQbAAM,Anand Sharma,2016-02-17T10:19:29+0530
Quick_Deploy__c.Description__c,CustomField,00D36000000L6NwEAK,MD-0000628,00536000000yKQbAAM,Anand Sharma,2016-02-17T10:19:31+0530
PaginatorPrevious,CustomLabel,00D36000000L6NwEAK,MD-0000628,00536000000yKQbAAM,Anand Sharma,2016-02-17T10:19:25+0530
PaginatorFirst,CustomLabel,00D36000000L6NwEAK,MD-0000628,00536000000yKQbAAM,Anand Sharma,2016-02-17T10:19:25+0530
PaginatorGoToPage,CustomLabel,00D36000000L6NwEAK,MD-0000628,00536000000yKQbAAM,Anand Sharma,2016-02-17T10:19:25+0530
PaginatorLast,CustomLabel,00D36000000L6NwEAK,MD-0000628,00536000000yKQbAAM,Anand Sharma,2016-02-17T10:19:25+0530
PaginatorNext,CustomLabel,00D36000000L6NwEAK,MD-0000628,00536000000yKQbAAM,Anand Sharma,2016-02-17T10:19:25+0530
CustomLabels,CustomLabels,00D36000000L6NwEAK,MD-0000628,00536000000yUa5AAE,Sri Kanth,1970-01-02T05:30:00+0530
Product2,CustomObject,00D36000000L6NwEAK,MD-0000628,00536000000yUa5AAE,Sri Kanth,1970-01-02T05:30:00+0530
MetadataDescription__c,CustomObject,00D36000000L6NwEAK,MD-0000628,00536000000yKQbAAM,Anand Sharma,2016-02-17T10:19:40+0530
Campaign,CustomObject,00D36000000L6NwEAK,MD-0000628,00536000000yUa5AAE,Sri Kanth,1970-01-02T05:30:00+0530
AccountContactRole,CustomObject,00D36000000L6NwEAK,MD-0000628,00536000000yUa5AAE,Sri Kanth,1970-01-02T05:30:00+0530
Releases__c,CustomObject,00D36000000L6NwEAK,MD-0000628,00536000000yKQbAAM,Anand Sharma,2016-02-17T10:19:41+0530
UserProvisioningRequest,CustomObject,00D36000000L6NwEAK,MD-0000628,00536000000yUa5AAE,Sri Kanth,1970-01-02T05:30:00+0530
OrderItem,CustomObject,00D36000000L6NwEAK,MD-0000628,00536000000yUa5AAE,Sri Kanth,1970-01-02T05:30:00+0530
Pricebook2,CustomObject,00D36000000L6NwEAK,MD-0000628,00536000000yUa5AAE,Sri Kanth,1970-01-02T05:30:00+0530
CaseContactRole,CustomObject,00D36000000L6NwEAK,MD-0000628,00536000000yUa5AAE,Sri Kanth,1970-01-02T05:30:00+0530
MacroAction,CustomObject,00D36000000L6NwEAK,MD-0000628,00536000000yUa5AAE,Sri Kanth,1970-01-02T05:30:00+0530
DeploymentDetails__c,CustomObject,00D36000000L6NwEAK,MD-0000628,00536000000yKQbAAM,Anand Sharma,2016-02-17T10:19:40+0530
SOSSessionActivity,CustomObject,00D36000000L6NwEAK,MD-0000628,00536000000yUa5AAE,Sri Kanth,1970-01-02T05:30:00+0530
Enviroment__c,CustomObject,00D36000000L6NwEAK,MD-0000628,00536000000yUa5AAE,Sri Kanth,2016-03-15T05:57:49+0530
Lead,CustomObject,00D36000000L6NwEAK,MD-0000628,00536000000yUa5AAE,Sri Kanth,1970-01-02T05:30:00+0530
Order,CustomObject,00D36000000L6NwEAK,MD-0000628,00536000000yUa5AAE,Sri Kanth,1970-01-02T05:30:00+0530
ContentVersion,CustomObject,00D36000000L6NwEAK,MD-0000628,00536000000yUa5AAE,Sri Kanth,1970-01-02T05:30:00+0530
Macro,CustomObject,00D36000000L6NwEAK,MD-0000628,00536000000yUa5AAE,Sri Kanth,1970-01-02T05:30:00+0530
Case,CustomObject,00D36000000L6NwEAK,MD-0000628,00536000000yUa5AAE,Sri Kanth,1970-01-02T05:30:00+0530
ContractContactRole,CustomObject,00D36000000L6NwEAK,MD-0000628,00536000000yUa5AAE,Sri Kanth,1970-01-02T05:30:00+0530
Event,CustomObject,00D36000000L6NwEAK,MD-0000628,00536000000yUa5AAE,Sri Kanth,1970-01-02T05:30:00+0530
DuplicateRecordItem,CustomObject,00D36000000L6NwEAK,MD-0000628,00536000000yUa5AAE,Sri Kanth,1970-01-02T05:30:00+0530
OpportunityCompetitor,CustomObject,00D36000000L6NwEAK,MD-0000628,00536000000yUa5AAE,Sri Kanth,1970-01-02T05:30:00+0530
Contact,CustomObject,00D36000000L6NwEAK,MD-0000628,00536000000yUa5AAE,Sri Kanth,1970-01-02T05:30:00+0530
Contract,CustomObject,00D36000000L6NwEAK,MD-0000628,00536000000yUa5AAE,Sri Kanth,1970-01-02T05:30:00+0530
DandBCompany,CustomObject,00D36000000L6NwEAK,MD-0000628,00536000000yUa5AAE,Sri Kanth,1970-01-02T05:30:00+0530
StreamingChannel,CustomObject,00D36000000L6NwEAK,MD-0000628,00536000000yUa5AAE,Sri Kanth,1970-01-02T05:30:00+0530
Quick_Deploy__c,CustomObject,00D36000000L6NwEAK,MD-0000628,00536000000yKQbAAM,Anand Sharma,2016-02-17T10:19:40+0530
SOSSession,CustomObject,00D36000000L6NwEAK,MD-0000628,00536000000yUa5AAE,Sri Kanth,1970-01-02T05:30:00+0530
Solution,CustomObject,00D36000000L6NwEAK,MD-0000628,00536000000yUa5AAE,Sri Kanth,1970-01-02T05:30:00+0530
OpportunityLineItem,CustomObject,00D36000000L6NwEAK,MD-0000628,00536000000yUa5AAE,Sri Kanth,1970-01-02T05:30:00+0530
Site,CustomObject,00D36000000L6NwEAK,MD-0000628,00536000000yUa5AAE,Sri Kanth,1970-01-02T05:30:00+0530
Task,CustomObject,00D36000000L6NwEAK,MD-0000628,00536000000yUa5AAE,Sri Kanth,1970-01-02T05:30:00+0530
ReleasePackage__c,CustomObject,00D36000000L6NwEAK,MD-0000628,00536000000yKQbAAM,Anand Sharma,2016-02-17T10:19:40+0530
OpportunityContactRole,CustomObject,00D36000000L6NwEAK,MD-0000628,00536000000yUa5AAE,Sri Kanth,1970-01-02T05:30:00+0530
Account,CustomObject,00D36000000L6NwEAK,MD-0000628,00536000000yUa5AAE,Sri Kanth,1970-01-02T05:30:00+0530
Asset,CustomObject,00D36000000L6NwEAK,MD-0000628,00536000000yUa5AAE,Sri Kanth,1970-01-02T05:30:00+0530
DeployMetadata__c,CustomObject,00D36000000L6NwEAK,MD-0000628,00536000000yKQbAAM,Anand Sharma,2016-02-17T10:19:39+0530
User,CustomObject,00D36000000L6NwEAK,MD-0000628,00536000000yUa5AAE,Sri Kanth,1970-01-02T05:30:00+0530
AssistantProgress,CustomObject,00D36000000L6NwEAK,MD-0000628,00536000000yUa5AAE,Sri Kanth,1970-01-02T05:30:00+0530
Package__c,CustomObject,00D36000000L6NwEAK,MD-0000628,00536000000yKQbAAM,Anand Sharma,2016-02-17T10:19:40+0530
DuplicateRecordSet,CustomObject,00D36000000L6NwEAK,MD-0000628,00536000000yUa5AAE,Sri Kanth,1970-01-02T05:30:00+0530
Opportunity,CustomObject,00D36000000L6NwEAK,MD-0000628,00536000000yUa5AAE,Sri Kanth,1970-01-02T05:30:00+0530
ForecastingCategoryMapping,CustomObject,00D36000000L6NwEAK,MD-0000628,00536000000yUa5AAE,Sri Kanth,1970-01-02T05:30:00+0530
ReleaseEnvironment__c,CustomObject,00D36000000L6NwEAK,MD-0000628,00536000000yKQbAAM,Anand Sharma,2016-02-17T10:19:40+0530
PricebookEntry,CustomObject,00D36000000L6NwEAK,MD-0000628,00536000000yUa5AAE,Sri Kanth,1970-01-02T05:30:00+0530
DeploymentSetting__c,CustomObject,00D36000000L6NwEAK,MD-0000628,00536000000yKQbAAM,Anand Sharma,2016-02-17T10:19:27+0530
MacroInstruction,CustomObject,00D36000000L6NwEAK,MD-0000628,00536000000yUa5AAE,Sri Kanth,1970-01-02T05:30:00+0530
FeedItem,CustomObject,00D36000000L6NwEAK,MD-0000628,00536000000yUa5AAE,Sri Kanth,1970-01-02T05:30:00+0530
PackageComponent__c,CustomObject,00D36000000L6NwEAK,MD-0000628,00536000000yKQbAAM,Anand Sharma,2016-02-17T10:19:40+0530
PartnerRole,CustomObject,00D36000000L6NwEAK,MD-0000628,00536000000yUa5AAE,Sri Kanth,1970-01-02T05:30:00+0530
Activity,CustomObject,00D36000000L6NwEAK,MD-0000628,00536000000yUa5AAE,Sri Kanth,1970-01-02T05:30:00+0530
Idea,CustomObject,00D36000000L6NwEAK,MD-0000628,00536000000yUa5AAE,Sri Kanth,1970-01-02T05:30:00+0530
CampaignMember,CustomObject,00D36000000L6NwEAK,MD-0000628,00536000000yUa5AAE,Sri Kanth,1970-01-02T05:30:00+0530
MetadataLog__c,CustomObject,00D36000000L6NwEAK,MD-0000628,00536000000yKQbAAM,Anand Sharma,2016-02-17T10:19:40+0530
DeployMetadata__c-en_US,CustomObjectTranslation,00D36000000L6NwEAK,MD-0000628,00536000000yUa5AAE,Sri Kanth,1970-01-02T05:30:00+0530
Releases__c-en_US,CustomObjectTranslation,00D36000000L6NwEAK,MD-0000628,00536000000yUa5AAE,Sri Kanth,1970-01-02T05:30:00+0530
Package__c-en_US,CustomObjectTranslation,00D36000000L6NwEAK,MD-0000628,00536000000yUa5AAE,Sri Kanth,1970-01-02T05:30:00+0530
ReleasePackage__c-en_US,CustomObjectTranslation,00D36000000L6NwEAK,MD-0000628,00536000000yUa5AAE,Sri Kanth,1970-01-02T05:30:00+0530
DeploymentDetails__c-en_US,CustomObjectTranslation,00D36000000L6NwEAK,MD-0000628,00536000000yUa5AAE,Sri Kanth,1970-01-02T05:30:00+0530
PackageComponent__c-en_US,CustomObjectTranslation,00D36000000L6NwEAK,MD-0000628,00536000000yUa5AAE,Sri Kanth,1970-01-02T05:30:00+0530
MetadataLog__c-en_US,CustomObjectTranslation,00D36000000L6NwEAK,MD-0000628,00536000000yUa5AAE,Sri Kanth,1970-01-02T05:30:00+0530
DeploymentSetting__c-en_US,CustomObjectTranslation,00D36000000L6NwEAK,MD-0000628,00536000000yUa5AAE,Sri Kanth,1970-01-02T05:30:00+0530
Quick_Deploy__c-en_US,CustomObjectTranslation,00D36000000L6NwEAK,MD-0000628,00536000000yUa5AAE,Sri Kanth,1970-01-02T05:30:00+0530
Enviroment__c-en_US,CustomObjectTranslation,00D36000000L6NwEAK,MD-0000628,00536000000yUa5AAE,Sri Kanth,1970-01-02T05:30:00+0530
MetadataDescription__c-en_US,CustomObjectTranslation,00D36000000L6NwEAK,MD-0000628,00536000000yUa5AAE,Sri Kanth,1970-01-02T05:30:00+0530
ReleaseEnvironment__c-en_US,CustomObjectTranslation,00D36000000L6NwEAK,MD-0000628,00536000000yUa5AAE,Sri Kanth,1970-01-02T05:30:00+0530
Releases__c,CustomTab,00D36000000L6NwEAK,MD-0000628,00536000000yKQbAAM,Anand Sharma,2016-02-17T10:19:36+0530
Enviroment__c,CustomTab,00D36000000L6NwEAK,MD-0000628,00536000000yKQbAAM,Anand Sharma,2016-02-17T10:19:36+0530
MetadataLog__c,CustomTab,00D36000000L6NwEAK,MD-0000628,00536000000yKQbAAM,Anand Sharma,2016-02-17T10:19:36+0530
Quick_Deploy__c,CustomTab,00D36000000L6NwEAK,MD-0000628,00536000000yKQbAAM,Anand Sharma,2016-02-17T10:19:36+0530
Base_OAuth,CustomTab,00D36000000L6NwEAK,MD-0000628,00536000000yKQbAAM,Anand Sharma,2016-02-17T10:19:35+0530
Package__c,CustomTab,00D36000000L6NwEAK,MD-0000628,00536000000yKQbAAM,Anand Sharma,2016-02-17T10:19:36+0530
unfiled$public/SupportCaseCreatedWebInquiries,EmailTemplate,00D36000000L6NwEAK,MD-0000628,00536000000yKQbAAM,Anand Sharma,2016-02-17T10:05:49+0530
unfiled$public/SupportSelfServiceResetPassword,EmailTemplate,00D36000000L6NwEAK,MD-0000628,00536000000yKQbAAM,Anand Sharma,2016-02-17T10:05:49+0530
unfiled$public/SupportEscalatedCaseNotification,EmailTemplate,00D36000000L6NwEAK,MD-0000628,00536000000yKQbAAM,Anand Sharma,2016-02-17T10:05:49+0530
unfiled$public/MarketingProductInquiryResponse,EmailTemplate,00D36000000L6NwEAK,MD-0000628,00536000000yKQbAAM,Anand Sharma,2016-02-17T10:05:49+0530
unfiled$public/SUPPORTSelfServiceNewCommentNotificationSAMPLE,EmailTemplate,00D36000000L6NwEAK,MD-0000628,00536000000yKQbAAM,Anand Sharma,2016-02-17T10:05:49+0530
unfiled$public/SupportCaseResponse,EmailTemplate,00D36000000L6NwEAK,MD-0000628,00536000000yKQbAAM,Anand Sharma,2016-02-17T10:05:49+0530
unfiled$public/SalesNewCustomerEmail,EmailTemplate,00D36000000L6NwEAK,MD-0000628,00536000000yKQbAAM,Anand Sharma,2016-02-17T10:05:49+0530
unfiled$public/SupportCaseCreatedPhoneInquiries,EmailTemplate,00D36000000L6NwEAK,MD-0000628,00536000000yKQbAAM,Anand Sharma,2016-02-17T10:05:49+0530
unfiled$public/SUPPORTSelfServiceNewUserLoginInformationSAMPLE,EmailTemplate,00D36000000L6NwEAK,MD-0000628,00536000000yKQbAAM,Anand Sharma,2016-02-17T10:05:49+0530
unfiled$public/SupportCaseAssignmentNotification,EmailTemplate,00D36000000L6NwEAK,MD-0000628,00536000000yKQbAAM,Anand Sharma,2016-02-17T10:05:49+0530
unfiled$public/SUPPORTSelfServiceResetPasswordSAMPLE,EmailTemplate,00D36000000L6NwEAK,MD-0000628,00536000000yKQbAAM,Anand Sharma,2016-02-17T10:05:49+0530
unfiled$public/SupportEscalatedCaseReassignment,EmailTemplate,00D36000000L6NwEAK,MD-0000628,00536000000yKQbAAM,Anand Sharma,2016-02-17T10:05:49+0530
unfiled$public/SupportSelfServiceNewLoginandPassword,EmailTemplate,00D36000000L6NwEAK,MD-0000628,00536000000yKQbAAM,Anand Sharma,2016-02-17T10:05:49+0530
Release_Management/Notification_After_Deployment,EmailTemplate,00D36000000L6NwEAK,MD-0000628,00536000000yKQbAAM,Anand Sharma,2016-02-17T10:45:15+0530
Release_Management/Notification_After_Deployment,EmailTemplate,00D36000000L6NwEAK,MD-0000628,00536000000yKQbAAM,Anand Sharma,2016-02-17T10:45:15+0530
Case.Standard,EscalationRule,00D36000000L6NwEAK,MD-0000628,00536000000yKQbAAM,Anand Sharma,2016-02-17T10:05:49+0530
Case,EscalationRules,00D36000000L6NwEAK,MD-0000628,00536000000yUa5AAE,Sri Kanth,1970-01-02T05:30:00+0530
DE Default,HomePageLayout,00D36000000L6NwEAK,MD-0000628,00536000000yKQbAAM,Anand Sharma,2016-02-17T10:05:49+0530
Pricebook2-Price Book Layout,Layout,00D36000000L6NwEAK,MD-0000628,00536000001FEQgAAO,Automated Process,2016-02-17T10:05:49+0530
Opportunity-Opportunity (Support) Layout,Layout,00D36000000L6NwEAK,MD-0000628,00536000000yKQbAAM,Anand Sharma,2016-02-17T10:05:49+0530
Case-Case (Sales) Layout,Layout,00D36000000L6NwEAK,MD-0000628,00536000000yKQbAAM,Anand Sharma,2016-02-17T10:05:49+0530
MetadataLog__c-MetadataLog Layout,Layout,00D36000000L6NwEAK,MD-0000628,00536000000yUa5AAE,Sri Kanth,2016-04-02T12:21:20+0530
Case-Case (Support) Layout,Layout,00D36000000L6NwEAK,MD-0000628,00536000000yKQbAAM,Anand Sharma,2016-02-17T10:05:49+0530
Opportunity-Opportunity (Sales) Layout,Layout,00D36000000L6NwEAK,MD-0000628,00536000000yKQbAAM,Anand Sharma,2016-02-17T10:05:49+0530
ReleasePackage__c-ReleasePackage Layout,Layout,00D36000000L6NwEAK,MD-0000628,00536000000yKQbAAM,Anand Sharma,2016-04-06T05:47:18+0530
Account-Account Layout,Layout,00D36000000L6NwEAK,MD-0000628,00536000000yKQbAAM,Anand Sharma,2016-02-17T10:05:49+0530
Idea-Idea Layout,Layout,00D36000000L6NwEAK,MD-0000628,00536000000yKQbAAM,Anand Sharma,2016-02-17T10:05:49+0530
Package__c-Deployment Layout,Layout,00D36000000L6NwEAK,MD-0000628,00536000000yKQbAAM,Anand Sharma,2016-02-17T10:19:35+0530
CaseInteraction-Case Feed Layout,Layout,00D36000000L6NwEAK,MD-0000628,00536000000yKQbAAM,Anand Sharma,2016-02-17T10:05:49+0530
PackageComponent__c-PackageComponent Layout,Layout,00D36000000L6NwEAK,MD-0000628,00536000000yKQbAAM,Anand Sharma,2016-02-17T10:19:35+0530
SOSSessionActivity-SOS Session Activity Layout,Layout,00D36000000L6NwEAK,MD-0000628,00536000000yKQbAAM,Anand Sharma,2016-02-17T10:05:49+0530
Macro-Macro Layout,Layout,00D36000000L6NwEAK,MD-0000628,00536000001FEQhAAO,salesforce.com, inc.,2016-02-17T10:05:49+0530
CampaignMember-Campaign Member Page Layout,Layout,00D36000000L6NwEAK,MD-0000628,00536000000yKQbAAM,Anand Sharma,2016-02-17T10:05:49+0530
OpportunityLineItem-Opportunity Product Layout,Layout,00D36000000L6NwEAK,MD-0000628,00536000000yKQbAAM,Anand Sharma,2016-02-17T10:05:49+0530
Task-Task Layout,Layout,00D36000000L6NwEAK,MD-0000628,00536000000yKQbAAM,Anand Sharma,2016-02-17T10:06:32+0530
SOSSession-SOS Session Layout,Layout,00D36000000L6NwEAK,MD-0000628,00536000000yKQbAAM,Anand Sharma,2016-02-17T10:05:49+0530
Solution-Solution Layout,Layout,00D36000000L6NwEAK,MD-0000628,00536000000yKQbAAM,Anand Sharma,2016-02-17T10:05:49+0530
PricebookEntry-Price Book Entry Layout,Layout,00D36000000L6NwEAK,MD-0000628,00536000001FEQgAAO,Automated Process,2016-02-17T10:05:49+0530
Releases__c-Release Layout,Layout,00D36000000L6NwEAK,MD-0000628,00536000000yKQbAAM,Anand Sharma,2016-02-17T10:19:35+0530
Contact-Contact (Marketing) Layout,Layout,00D36000000L6NwEAK,MD-0000628,00536000000yKQbAAM,Anand Sharma,2016-02-17T10:05:49+0530
Lead-Lead (Support) Layout,Layout,00D36000000L6NwEAK,MD-0000628,00536000000yKQbAAM,Anand Sharma,2016-02-17T10:05:49+0530
Account-Account (Support) Layout,Layout,00D36000000L6NwEAK,MD-0000628,00536000000yKQbAAM,Anand Sharma,2016-02-17T10:05:49+0530
Asset-Asset Layout,Layout,00D36000000L6NwEAK,MD-0000628,00536000000yKQbAAM,Anand Sharma,2016-02-17T10:05:49+0530
CaseClose-Close Case Layout,Layout,00D36000000L6NwEAK,MD-0000628,00536000000yKQbAAM,Anand Sharma,2016-02-17T10:05:49+0530
User-User Layout,Layout,00D36000000L6NwEAK,MD-0000628,00536000000yKQbAAM,Anand Sharma,2016-02-17T10:05:49+0530
Lead-Lead Layout,Layout,00D36000000L6NwEAK,MD-0000628,00536000000yKQbAAM,Anand Sharma,2016-02-17T10:05:49+0530
OrderItem-Order Product Layout,Layout,00D36000000L6NwEAK,MD-0000628,00536000000yKQbAAM,Anand Sharma,2016-02-17T10:05:49+0530
UserProvAccount-User Provisioning Account Layout,Layout,00D36000000L6NwEAK,MD-0000628,00536000001FEQhAAO,salesforce.com, inc.,2016-02-17T10:05:49+0530
Account-Account (Sales) Layout,Layout,00D36000000L6NwEAK,MD-0000628,00536000000yKQbAAM,Anand Sharma,2016-02-17T10:05:49+0530
Releases__c-Active Layout,Layout,00D36000000L6NwEAK,MD-0000628,00536000000yKQbAAM,Anand Sharma,2016-04-07T01:09:43+0530
Enviroment__c-Enviroment Layout,Layout,00D36000000L6NwEAK,MD-0000628,00536000000yUa5AAE,Sri Kanth,2016-04-08T07:29:27+0530
UserProvisioningRequest-User Provisioning Request Layout,Layout,00D36000000L6NwEAK,MD-0000628,00536000001FEQhAAO,salesforce.com, inc.,2016-02-17T10:05:49+0530
Lead-Lead (Sales) Layout,Layout,00D36000000L6NwEAK,MD-0000628,00536000000yKQbAAM,Anand Sharma,2016-02-17T10:05:49+0530
Contact-Contact (Sales) Layout,Layout,00D36000000L6NwEAK,MD-0000628,00536000000yKQbAAM,Anand Sharma,2016-02-17T10:05:49+0530
Product2-Product Layout,Layout,00D36000000L6NwEAK,MD-0000628,00536000000yKQbAAM,Anand Sharma,2016-02-17T10:05:49+0530
Event-Event Layout,Layout,00D36000000L6NwEAK,MD-0000628,00536000000yKQbAAM,Anand Sharma,2016-02-17T10:06:38+0530
Quick_Deploy__c-Quick Deploy Layout,Layout,00D36000000L6NwEAK,MD-0000628,00536000000yKQbAAM,Anand Sharma,2016-02-17T10:19:35+0530
Contact-Contact Layout,Layout,00D36000000L6NwEAK,MD-0000628,00536000000yKQbAAM,Anand Sharma,2016-02-17T10:05:49+0530
Campaign-Campaign Layout,Layout,00D36000000L6NwEAK,MD-0000628,00536000000yKQbAAM,Anand Sharma,2016-02-17T10:06:32+0530
Order-Order Layout,Layout,00D36000000L6NwEAK,MD-0000628,00536000000yKQbAAM,Anand Sharma,2016-02-17T10:05:49+0530
Opportunity-Opportunity (Marketing) Layout,Layout,00D36000000L6NwEAK,MD-0000628,00536000000yKQbAAM,Anand Sharma,2016-02-17T10:05:49+0530
Account-Account (Marketing) Layout,Layout,00D36000000L6NwEAK,MD-0000628,00536000000yKQbAAM,Anand Sharma,2016-02-17T10:05:49+0530
Case-Case Layout,Layout,00D36000000L6NwEAK,MD-0000628,00536000000yKQbAAM,Anand Sharma,2016-02-17T10:05:49+0530
DeploymentDetails__c-DeploymentDetails Layout,Layout,00D36000000L6NwEAK,MD-0000628,00536000000yKQbAAM,Anand Sharma,2016-02-17T10:19:34+0530
UserProvisioningLog-User Provisioning Log Layout,Layout,00D36000000L6NwEAK,MD-0000628,00536000001FEQhAAO,salesforce.com, inc.,2016-02-17T10:05:49+0530
Releases__c-DeployedRelease,Layout,00D36000000L6NwEAK,MD-0000628,00536000000yKQbAAM,Anand Sharma,2016-04-07T02:47:25+0530
ReleaseEnvironment__c-ReleaseEnvironment Layout,Layout,00D36000000L6NwEAK,MD-0000628,00536000000yKQbAAM,Anand Sharma,2016-02-17T10:19:35+0530
Global-Global Layout,Layout,00D36000000L6NwEAK,MD-0000628,00536000001FEQhAAO,salesforce.com, inc.,2016-02-17T10:05:49+0530
Contact-Contact (Support) Layout,Layout,00D36000000L6NwEAK,MD-0000628,00536000000yKQbAAM,Anand Sharma,2016-02-17T10:05:49+0530
DeployMetadata__c-DeployMetadata Layout,Layout,00D36000000L6NwEAK,MD-0000628,00536000000yKQbAAM,Anand Sharma,2016-02-17T10:19:34+0530
Contract-Contract Layout,Layout,00D36000000L6NwEAK,MD-0000628,00536000000yKQbAAM,Anand Sharma,2016-02-17T10:05:49+0530
Case-Case (Marketing) Layout,Layout,00D36000000L6NwEAK,MD-0000628,00536000000yKQbAAM,Anand Sharma,2016-02-17T10:05:49+0530
Opportunity-Opportunity Layout,Layout,00D36000000L6NwEAK,MD-0000628,00536000000yKQbAAM,Anand Sharma,2016-02-17T10:05:49+0530
ContentVersion-General,Layout,00D36000000L6NwEAK,MD-0000628,00536000000yKQbAAM,Anand Sharma,2016-02-17T10:05:49+0530
MetadataDescription__c-MetadataDescription Layout,Layout,00D36000000L6NwEAK,MD-0000628,00536000000yKQbAAM,Anand Sharma,2016-03-11T07:51:52+0530
Lead-Lead (Marketing) Layout,Layout,00D36000000L6NwEAK,MD-0000628,00536000000yKQbAAM,Anand Sharma,2016-02-17T10:05:49+0530
DandBCompany-D&B Company Layout,Layout,00D36000000L6NwEAK,MD-0000628,00536000001FEQhAAO,salesforce.com, inc.,2016-02-17T10:05:49+0530
DuplicateRecordSet-Duplicate Record Set Layout,Layout,00D36000000L6NwEAK,MD-0000628,00536000001FEQhAAO,salesforce.com, inc.,2016-02-17T10:05:49+0530
Order.AllDraftOrders,ListView,00D36000000L6NwEAK,MD-0000628,00536000000yKQbAAM,Anand Sharma,2016-02-17T10:05:49+0530
Lead.USLeads,ListView,00D36000000L6NwEAK,MD-0000628,00536000000yKQbAAM,Anand Sharma,2016-02-17T10:05:49+0530
Opportunity.ClosingNextMonth,ListView,00D36000000L6NwEAK,MD-0000628,00536000000yKQbAAM,Anand Sharma,2016-02-17T10:05:49+0530
MetadataDescription__c.All,ListView,00D36000000L6NwEAK,MD-0000628,00536000000yKQbAAM,Anand Sharma,2016-02-17T10:19:33+0530
Contact.MyContacts,ListView,00D36000000L6NwEAK,MD-0000628,00536000000yKQbAAM,Anand Sharma,2016-02-17T10:05:49+0530
PackageComponent__c.All,ListView,00D36000000L6NwEAK,MD-0000628,00536000000yKQbAAM,Anand Sharma,2016-02-17T10:19:33+0530
WorkFeedbackRequest.All,ListView,00D36000000L6NwEAK,MD-0000628,00536000001FEQgAAO,Automated Process,2016-02-17T10:05:49+0530
Contact.AllContacts,ListView,00D36000000L6NwEAK,MD-0000628,00536000000yKQbAAM,Anand Sharma,2016-02-17T10:05:49+0530
MetadataLog__c.testQueue_MetadataLog,ListView,00D36000000L6NwEAK,MD-0000628,00536000000yKQbAAM,Anand Sharma,2016-02-17T10:19:33+0530
Opportunity.MyOpportunities,ListView,00D36000000L6NwEAK,MD-0000628,00536000000yKQbAAM,Anand Sharma,2016-02-17T10:05:49+0530
Activity.AllActivities,ListView,00D36000000L6NwEAK,MD-0000628,00536000000yKQbAAM,Anand Sharma,2016-02-17T10:05:49+0530
Enviroment__c.All,ListView,00D36000000L6NwEAK,MD-0000628,00536000000yKQbAAM,Anand Sharma,2016-04-06T09:15:41+0530
Solution.AllReviewedSolutions,ListView,00D36000000L6NwEAK,MD-0000628,00536000000yKQbAAM,Anand Sharma,2016-02-17T10:05:49+0530
Opportunity.AllOpportunities,ListView,00D36000000L6NwEAK,MD-0000628,00536000000yKQbAAM,Anand Sharma,2016-02-17T10:05:49+0530
Lead.InternationalLeads,ListView,00D36000000L6NwEAK,MD-0000628,00536000000yKQbAAM,Anand Sharma,2016-02-17T10:05:49+0530
Releases__c.All,ListView,00D36000000L6NwEAK,MD-0000628,00536000000yKQbAAM,Anand Sharma,2016-02-17T10:19:33+0530
Account.NewLastWeek,ListView,00D36000000L6NwEAK,MD-0000628,00536000000yKQbAAM,Anand Sharma,2016-02-17T10:05:49+0530
Contract.MyInApprovalContracts,ListView,00D36000000L6NwEAK,MD-0000628,00536000000yKQbAAM,Anand Sharma,2016-02-17T10:05:49+0530
Lead.ViewCustom1,ListView,00D36000000L6NwEAK,MD-0000628,00536000000yKQbAAM,Anand Sharma,2016-02-17T10:05:49+0530
Lead.MyUnreadLeads,ListView,00D36000000L6NwEAK,MD-0000628,00536000000yKQbAAM,Anand Sharma,2016-02-17T10:05:49+0530
Lead.TodaysLeads,ListView,00D36000000L6NwEAK,MD-0000628,00536000000yKQbAAM,Anand Sharma,2016-02-17T10:05:49+0530
Contact.NewThisWeek,ListView,00D36000000L6NwEAK,MD-0000628,00536000000yKQbAAM,Anand Sharma,2016-02-17T10:05:49+0530
Campaign.MyActiveCampaigns,ListView,00D36000000L6NwEAK,MD-0000628,00536000000yKQbAAM,Anand Sharma,2016-02-17T10:05:49+0530
Case.InternationalPlatinumGold,ListView,00D36000000L6NwEAK,MD-0000628,00536000000yKQbAAM,Anand Sharma,2016-02-17T10:05:49+0530
Package__c.All,ListView,00D36000000L6NwEAK,MD-0000628,00536000000yKQbAAM,Anand Sharma,2016-02-17T10:19:33+0530
Contract.AllDraftContracts,ListView,00D36000000L6NwEAK,MD-0000628,00536000000yKQbAAM,Anand Sharma,2016-02-17T10:05:49+0530
Product2.AllProducts,ListView,00D36000000L6NwEAK,MD-0000628,00536000000yKQbAAM,Anand Sharma,2016-02-17T10:05:49+0530
Opportunity.Private,ListView,00D36000000L6NwEAK,MD-0000628,00536000000yKQbAAM,Anand Sharma,2016-02-17T10:05:49+0530
Activity.MyActivities,ListView,00D36000000L6NwEAK,MD-0000628,00536000000yKQbAAM,Anand Sharma,2016-02-17T10:05:49+0530
Case.USPlatinumGold,ListView,00D36000000L6NwEAK,MD-0000628,00536000000yKQbAAM,Anand Sharma,2016-02-17T10:05:49+0530
Opportunity.ClosingThisMonth,ListView,00D36000000L6NwEAK,MD-0000628,00536000000yKQbAAM,Anand Sharma,2016-02-17T10:05:49+0530
MetadataLog__c.Retrive_Request_for_OppVis,ListView,00D36000000L6NwEAK,MD-0000628,00536000000yKQbAAM,Anand Sharma,2016-02-17T10:19:33+0530
Opportunity.NewLastWeek,ListView,00D36000000L6NwEAK,MD-0000628,00536000000yKQbAAM,Anand Sharma,2016-02-17T10:05:49+0530
WorkFeedbackTemplate.All,ListView,00D36000000L6NwEAK,MD-0000628,00536000001FEQgAAO,Automated Process,2016-02-17T10:05:49+0530
Contact.BirthdaysThisMonth,ListView,00D36000000L6NwEAK,MD-0000628,00536000000yKQbAAM,Anand Sharma,2016-02-17T10:05:49+0530
Case.AllOpenCases,ListView,00D36000000L6NwEAK,MD-0000628,00536000000yKQbAAM,Anand Sharma,2016-02-17T10:05:49+0530
MetadataLog__c.AllRetrive,ListView,00D36000000L6NwEAK,MD-0000628,00536000000yKQbAAM,Anand Sharma,2016-02-17T10:19:33+0530
Activity.UpcomingEvents,ListView,00D36000000L6NwEAK,MD-0000628,00536000000yKQbAAM,Anand Sharma,2016-02-17T10:05:49+0530
Enviroment__c.Test,ListView,00D36000000L6NwEAK,MD-0000628,00536000000yKQbAAM,Anand Sharma,2016-02-17T10:19:33+0530
Case.MyOpenCases,ListView,00D36000000L6NwEAK,MD-0000628,00536000000yKQbAAM,Anand Sharma,2016-02-17T10:05:49+0530
User.AllUsers,ListView,00D36000000L6NwEAK,MD-0000628,00536000000yKQbAAM,Anand Sharma,2016-02-17T10:05:49+0530
WorkFeedbackRequest.AboutTopics,ListView,00D36000000L6NwEAK,MD-0000628,00536000001FEQgAAO,Automated Process,2016-02-17T10:05:49+0530
Case.AllClosedCases,ListView,00D36000000L6NwEAK,MD-0000628,00536000000yKQbAAM,Anand Sharma,2016-02-17T10:05:49+0530
Account.MyAccounts,ListView,00D36000000L6NwEAK,MD-0000628,00536000000yKQbAAM,Anand Sharma,2016-02-17T10:05:49+0530
Contract.AllActivatedContracts,ListView,00D36000000L6NwEAK,MD-0000628,00536000000yKQbAAM,Anand Sharma,2016-02-17T10:05:49+0530
Lead.AllOpenLeads,ListView,00D36000000L6NwEAK,MD-0000628,00536000000yKQbAAM,Anand Sharma,2016-02-17T10:05:49+0530
Contract.MyActivatedContracts,ListView,00D36000000L6NwEAK,MD-0000628,00536000000yKQbAAM,Anand Sharma,2016-02-17T10:05:49+0530
Account.PlatinumandGoldSLACustomers,ListView,00D36000000L6NwEAK,MD-0000628,00536000000yKQbAAM,Anand Sharma,2016-02-17T10:05:49+0530
Activity.TodaysTasks,ListView,00D36000000L6NwEAK,MD-0000628,00536000000yKQbAAM,Anand Sharma,2016-02-17T10:05:49+0530
Account.NewThisWeek,ListView,00D36000000L6NwEAK,MD-0000628,00536000000yKQbAAM,Anand Sharma,2016-02-17T10:05:49+0530
MetadataLog__c.All,ListView,00D36000000L6NwEAK,MD-0000628,00536000000yKQbAAM,Anand Sharma,2016-02-17T10:19:33+0530
Contract.AllInApprovalContracts,ListView,00D36000000L6NwEAK,MD-0000628,00536000000yKQbAAM,Anand Sharma,2016-02-17T10:05:49+0530
Campaign.AllActiveCampaigns,ListView,00D36000000L6NwEAK,MD-0000628,00536000000yKQbAAM,Anand Sharma,2016-02-17T10:05:49+0530
DeploymentDetails__c.All,ListView,00D36000000L6NwEAK,MD-0000628,00536000000yKQbAAM,Anand Sharma,2016-02-17T10:19:33+0530
Opportunity.Won,ListView,00D36000000L6NwEAK,MD-0000628,00536000000yKQbAAM,Anand Sharma,2016-02-17T10:05:49+0530
Asset.AllAssets,ListView,00D36000000L6NwEAK,MD-0000628,00536000000yKQbAAM,Anand Sharma,2016-02-17T10:05:49+0530
Case.USEscalations,ListView,00D36000000L6NwEAK,MD-0000628,00536000000yKQbAAM,Anand Sharma,2016-02-17T10:05:49+0530
Order.AllActivatedOrders,ListView,00D36000000L6NwEAK,MD-0000628,00536000000yKQbAAM,Anand Sharma,2016-02-17T10:05:49+0530
User.ActiveUsers,ListView,00D36000000L6NwEAK,MD-0000628,00536000000yKQbAAM,Anand Sharma,2016-02-17T10:05:49+0530
Case.InternationalEscalations,ListView,00D36000000L6NwEAK,MD-0000628,00536000000yKQbAAM,Anand Sharma,2016-02-17T10:05:49+0530
DeployMetadata__c.All,ListView,00D36000000L6NwEAK,MD-0000628,00536000000yKQbAAM,Anand Sharma,2016-02-17T10:19:33+0530
Contract.MyDraftContracts,ListView,00D36000000L6NwEAK,MD-0000628,00536000000yKQbAAM,Anand Sharma,2016-02-17T10:05:49+0530
Lead.ViewCustom2,ListView,00D36000000L6NwEAK,MD-0000628,00536000000yKQbAAM,Anand Sharma,2016-02-17T10:05:49+0530
Contact.NewLastWeek,ListView,00D36000000L6NwEAK,MD-0000628,00536000000yKQbAAM,Anand Sharma,2016-02-17T10:05:49+0530
Case.InternationalSilverBronze,ListView,00D36000000L6NwEAK,MD-0000628,00536000000yKQbAAM,Anand Sharma,2016-02-17T10:05:49+0530
Opportunity.NewThisWeek,ListView,00D36000000L6NwEAK,MD-0000628,00536000000yKQbAAM,Anand Sharma,2016-02-17T10:05:49+0530
MetadataLog__c.All_Deploy,ListView,00D36000000L6NwEAK,MD-0000628,00536000000yKQbAAM,Anand Sharma,2016-02-17T10:19:33+0530
Contract.AllContracts,ListView,00D36000000L6NwEAK,MD-0000628,00536000000yKQbAAM,Anand Sharma,2016-02-17T10:05:49+0530
Solution.AllUnreviewedSolutions,ListView,00D36000000L6NwEAK,MD-0000628,00536000000yKQbAAM,Anand Sharma,2016-02-17T10:05:49+0530
Quick_Deploy__c.All,ListView,00D36000000L6NwEAK,MD-0000628,00536000000yKQbAAM,Anand Sharma,2016-02-17T10:19:33+0530
Account.AllAccounts,ListView,00D36000000L6NwEAK,MD-0000628,00536000000yKQbAAM,Anand Sharma,2016-02-17T10:05:49+0530
User.AdminUsers,ListView,00D36000000L6NwEAK,MD-0000628,00536000000yKQbAAM,Anand Sharma,2016-02-17T10:05:49+0530
Idea.Ideas_Last_7_Days,ListView,00D36000000L6NwEAK,MD-0000628,00536000000yUa5AAE,Sri Kanth,2016-02-17T10:05:49+0530
Order.AllOrders,ListView,00D36000000L6NwEAK,MD-0000628,00536000000yKQbAAM,Anand Sharma,2016-02-17T10:05:49+0530
Case.MyCases,ListView,00D36000000L6NwEAK,MD-0000628,00536000000yKQbAAM,Anand Sharma,2016-02-17T10:05:49+0530
Case.USSilverBronze,ListView,00D36000000L6NwEAK,MD-0000628,00536000000yKQbAAM,Anand Sharma,2016-02-17T10:05:49+0530
Case.PartnerRelations,ListView,00D36000000L6NwEAK,MD-0000628,00536000000yKQbAAM,Anand Sharma,2016-02-17T10:05:49+0530
Contact,MatchingRules,00D36000000L6NwEAK,MD-0000628,00536000000yUa5AAE,Sri Kanth,1970-01-02T05:30:00+0530
Account,MatchingRules,00D36000000L6NwEAK,MD-0000628,00536000000yUa5AAE,Sri Kanth,1970-01-02T05:30:00+0530
Lead,MatchingRules,00D36000000L6NwEAK,MD-0000628,00536000000yUa5AAE,Sri Kanth,1970-01-02T05:30:00+0530
Lead,MatchingRules,00D36000000L6NwEAK,MD-0000628,00536000000yUa5AAE,Sri Kanth,1970-01-02T05:30:00+0530
Account,MatchingRules,00D36000000L6NwEAK,MD-0000628,00536000000yUa5AAE,Sri Kanth,1970-01-02T05:30:00+0530
Contact,MatchingRules,00D36000000L6NwEAK,MD-0000628,00536000000yUa5AAE,Sri Kanth,1970-01-02T05:30:00+0530
sriprofile,Profile,00D36000000L6NwEAK,MD-0000628,00536000000yUa5AAE,Sri Kanth,2016-04-08T10:50:34+0530
Customer Community Plus Login User,Profile,00D36000000L6NwEAK,MD-0000628,00536000000yKQbAAM,Anand Sharma,2016-04-05T01:53:15+0530
Analytics Cloud Integration User,Profile,00D36000000L6NwEAK,MD-0000628,00536000000yKQbAAM,Anand Sharma,2016-04-07T07:11:52+0530
Silver Partner User,Profile,00D36000000L6NwEAK,MD-0000628,00536000000yKQbAAM,Anand Sharma,2016-04-07T07:11:52+0530
Custom: Sales Profile,Profile,00D36000000L6NwEAK,MD-0000628,00536000000yKQbAAM,Anand Sharma,2016-04-07T07:11:52+0530
Customer Community User,Profile,00D36000000L6NwEAK,MD-0000628,00536000000yKQbAAM,Anand Sharma,2016-04-05T01:53:15+0530
Customer Portal Manager Standard,Profile,00D36000000L6NwEAK,MD-0000628,00536000000yKQbAAM,Anand Sharma,2016-04-05T01:53:15+0530
Force.com - App Subscription User,Profile,00D36000000L6NwEAK,MD-0000628,00536000000yKQbAAM,Anand Sharma,2016-04-07T07:11:52+0530
Chatter Only User,Profile,00D36000000L6NwEAK,MD-0000628,00536000000yKQbAAM,Anand Sharma,2016-04-07T07:11:52+0530
Customer Portal Manager Custom,Profile,00D36000000L6NwEAK,MD-0000628,00536000000yKQbAAM,Anand Sharma,2016-04-05T01:53:15+0530
StandardAul,Profile,00D36000000L6NwEAK,MD-0000628,00536000000yKQbAAM,Anand Sharma,2016-04-07T07:11:52+0530
Custom: Marketing Profile,Profile,00D36000000L6NwEAK,MD-0000628,00536000000yKQbAAM,Anand Sharma,2016-04-07T07:11:52+0530
HighVolumePortal,Profile,00D36000000L6NwEAK,MD-0000628,00536000000yKQbAAM,Anand Sharma,2016-04-05T01:53:15+0530
ContractManager,Profile,00D36000000L6NwEAK,MD-0000628,00536000000yKQbAAM,Anand Sharma,2016-04-07T07:11:52+0530
Custom: Support Profile,Profile,00D36000000L6NwEAK,MD-0000628,00536000000yKQbAAM,Anand Sharma,2016-04-07T07:11:52+0530
High Volume Customer Portal User,Profile,00D36000000L6NwEAK,MD-0000628,00536000000yKQbAAM,Anand Sharma,2016-04-05T01:53:15+0530
Overage Customer Portal Manager Standard,Profile,00D36000000L6NwEAK,MD-0000628,00536000000yKQbAAM,Anand Sharma,2016-04-05T01:53:15+0530
MarketingProfile,Profile,00D36000000L6NwEAK,MD-0000628,00536000000yKQbAAM,Anand Sharma,2016-04-07T07:11:52+0530
Partner App Subscription User,Profile,00D36000000L6NwEAK,MD-0000628,00536000000yKQbAAM,Anand Sharma,2016-04-07T07:11:52+0530
Partner,Profile,00D36000000L6NwEAK,MD-0000628,00536000000yKQbAAM,Anand Sharma,2016-04-07T07:11:52+0530
Overage Customer Portal Manager Custom,Profile,00D36000000L6NwEAK,MD-0000628,00536000000yKQbAAM,Anand Sharma,2016-04-05T01:53:15+0530
Admin,Profile,00D36000000L6NwEAK,MD-0000628,00536000000yKQbAAM,Anand Sharma,2016-05-09T03:50:16+0530
Cross Org Data Proxy User,Profile,00D36000000L6NwEAK,MD-0000628,00536000000yKQbAAM,Anand Sharma,2016-04-07T07:11:52+0530
CustomerManager,Profile,00D36000000L6NwEAK,MD-0000628,00536000000yKQbAAM,Anand Sharma,2016-04-05T01:53:15+0530
ReadOnly,Profile,00D36000000L6NwEAK,MD-0000628,00536000000yKQbAAM,Anand Sharma,2016-04-07T07:11:52+0530
Partner Community User,Profile,00D36000000L6NwEAK,MD-0000628,00536000000yKQbAAM,Anand Sharma,2016-04-07T07:11:52+0530
Chatter Free User,Profile,00D36000000L6NwEAK,MD-0000628,00536000000yKQbAAM,Anand Sharma,2016-02-17T10:06:41+0530
Chatter Moderator User,Profile,00D36000000L6NwEAK,MD-0000628,00536000000yKQbAAM,Anand Sharma,2016-02-17T10:06:41+0530
Guest License User,Profile,00D36000000L6NwEAK,MD-0000628,00536000000yKQbAAM,Anand Sharma,2016-02-17T10:06:41+0530
External Identity User,Profile,00D36000000L6NwEAK,MD-0000628,00536000000yKQbAAM,Anand Sharma,2016-04-05T01:53:15+0530
Work.com Only User,Profile,00D36000000L6NwEAK,MD-0000628,00536000000yKQbAAM,Anand Sharma,2016-04-07T07:11:52+0530
Chatter External User,Profile,00D36000000L6NwEAK,MD-0000628,00536000000yKQbAAM,Anand Sharma,2016-02-17T10:06:41+0530
Customer Community Plus User,Profile,00D36000000L6NwEAK,MD-0000628,00536000000yKQbAAM,Anand Sharma,2016-04-05T01:53:15+0530
Customer Community Login User,Profile,00D36000000L6NwEAK,MD-0000628,00536000000yKQbAAM,Anand Sharma,2016-04-05T01:53:15+0530
Overage High Volume Customer Portal User,Profile,00D36000000L6NwEAK,MD-0000628,00536000000yKQbAAM,Anand Sharma,2016-04-05T01:53:15+0530
ServiceCloud,Profile,00D36000000L6NwEAK,MD-0000628,00536000000yKQbAAM,Anand Sharma,2016-04-07T07:11:52+0530
Analytics Cloud Security User,Profile,00D36000000L6NwEAK,MD-0000628,00536000000yKQbAAM,Anand Sharma,2016-04-07T07:11:52+0530
SolutionManager,Profile,00D36000000L6NwEAK,MD-0000628,00536000000yKQbAAM,Anand Sharma,2016-04-07T07:11:52+0530
PlatformPortal,Profile,00D36000000L6NwEAK,MD-0000628,00536000000yKQbAAM,Anand Sharma,2016-04-05T01:53:15+0530
Gold Partner User,Profile,00D36000000L6NwEAK,MD-0000628,00536000000yKQbAAM,Anand Sharma,2016-04-07T07:11:52+0530
Identity User,Profile,00D36000000L6NwEAK,MD-0000628,00536000000yKQbAAM,Anand Sharma,2016-04-07T07:11:52+0530
Authenticated Website,Profile,00D36000000L6NwEAK,MD-0000628,00536000000yKQbAAM,Anand Sharma,2016-04-05T01:53:15+0530
Standard,Profile,00D36000000L6NwEAK,MD-0000628,00536000000yKQbAAM,Anand Sharma,2016-04-07T07:11:52+0530
Force.com - Free User,Profile,00D36000000L6NwEAK,MD-0000628,00536000000yKQbAAM,Anand Sharma,2016-04-07T07:11:52+0530
Partner Community Login User,Profile,00D36000000L6NwEAK,MD-0000628,00536000000yKQbAAM,Anand Sharma,2016-04-07T07:11:52+0530
Encryped,PermissionSet,00D36000000L6NwEAK,MD-0000628,00536000000yUa5AAE,Sri Kanth,2016-03-16T02:33:44+0530
Task.UpdateStatus_0,QuickAction,00D36000000L6NwEAK,MD-0000628,00536000000yKQbAAM,Anand Sharma,2016-02-17T10:06:38+0530
NewCase,QuickAction,00D36000000L6NwEAK,MD-0000628,00536000001FEQhAAO,salesforce.com, inc.,2016-02-17T10:05:49+0530
Task.UpdateStatus,QuickAction,00D36000000L6NwEAK,MD-0000628,00536000000yKQbAAM,Anand Sharma,2016-02-17T10:05:49+0530
NewGroup,QuickAction,00D36000000L6NwEAK,MD-0000628,00536000001FEQhAAO,salesforce.com, inc.,2016-02-17T10:05:49+0530
NewLead,QuickAction,00D36000000L6NwEAK,MD-0000628,00536000001FEQhAAO,salesforce.com, inc.,2016-02-17T10:05:49+0530
Task.EditDescription,QuickAction,00D36000000L6NwEAK,MD-0000628,00536000000yKQbAAM,Anand Sharma,2016-02-17T10:05:49+0530
NewAccount,QuickAction,00D36000000L6NwEAK,MD-0000628,00536000001FEQhAAO,salesforce.com, inc.,2016-02-17T10:05:49+0530
NewEvent,QuickAction,00D36000000L6NwEAK,MD-0000628,00536000001FEQhAAO,salesforce.com, inc.,2016-02-17T10:05:49+0530
Task.UpdatePriority_0,QuickAction,00D36000000L6NwEAK,MD-0000628,00536000000yKQbAAM,Anand Sharma,2016-02-17T10:06:38+0530
Task.Defer_0,QuickAction,00D36000000L6NwEAK,MD-0000628,00536000000yKQbAAM,Anand Sharma,2016-02-17T10:06:38+0530
Task.UpdatePriority,QuickAction,00D36000000L6NwEAK,MD-0000628,00536000000yKQbAAM,Anand Sharma,2016-02-17T10:05:49+0530
NewTask,QuickAction,00D36000000L6NwEAK,MD-0000628,00536000001FEQhAAO,salesforce.com, inc.,2016-02-17T10:05:49+0530
NewNote,QuickAction,00D36000000L6NwEAK,MD-0000628,00536000001FEQhAAO,salesforce.com, inc.,2016-02-17T10:05:49+0530
Task.Defer,QuickAction,00D36000000L6NwEAK,MD-0000628,00536000000yKQbAAM,Anand Sharma,2016-02-17T10:05:49+0530
CollaborationGroup.NewGroupMember,QuickAction,00D36000000L6NwEAK,MD-0000628,00536000001FEQhAAO,salesforce.com, inc.,2016-02-17T10:05:49+0530
FeedItem.NewTaskFromFeedItem,QuickAction,00D36000000L6NwEAK,MD-0000628,00536000000yKQbAAM,Anand Sharma,2016-02-17T10:05:49+0530
LogACall,QuickAction,00D36000000L6NwEAK,MD-0000628,00536000001FEQhAAO,salesforce.com, inc.,2016-02-17T10:05:49+0530
CollaborationGroup.NewGroupRecord,QuickAction,00D36000000L6NwEAK,MD-0000628,00536000001FEQhAAO,salesforce.com, inc.,2016-02-17T10:05:49+0530
Case.NewChildCase,QuickAction,00D36000000L6NwEAK,MD-0000628,00536000001FEQhAAO,salesforce.com, inc.,2016-02-17T10:05:49+0530
NewContact,QuickAction,00D36000000L6NwEAK,MD-0000628,00536000001FEQhAAO,salesforce.com, inc.,2016-02-17T10:05:49+0530
Task.EditDescription_0,QuickAction,00D36000000L6NwEAK,MD-0000628,00536000000yKQbAAM,Anand Sharma,2016-02-17T10:06:38+0530
NewOpportunity,QuickAction,00D36000000L6NwEAK,MD-0000628,00536000001FEQhAAO,salesforce.com, inc.,2016-02-17T10:05:49+0530
ApexDevNet,RemoteSiteSetting,00D36000000L6NwEAK,MD-0000628,00536000000yKQbAAM,Anand Sharma,2016-02-17T10:05:49+0530
WesternSalesTeam,Role,00D36000000L6NwEAK,MD-0000628,00536000000yKQbAAM,Anand Sharma,2016-02-17T10:05:49+0530
DirectorDirectSales,Role,00D36000000L6NwEAK,MD-0000628,00536000000yKQbAAM,Anand Sharma,2016-02-17T10:05:49+0530
SVPSalesMarketing,Role,00D36000000L6NwEAK,MD-0000628,00536000000yKQbAAM,Anand Sharma,2016-02-17T10:05:49+0530
CFO,Role,00D36000000L6NwEAK,MD-0000628,00536000000yKQbAAM,Anand Sharma,2016-02-17T10:05:49+0530
VPMarketing,Role,00D36000000L6NwEAK,MD-0000628,00536000000yKQbAAM,Anand Sharma,2016-02-17T10:05:49+0530
CustomerSupportNorthAmerica,Role,00D36000000L6NwEAK,MD-0000628,00536000000yKQbAAM,Anand Sharma,2016-02-17T10:05:49+0530
COO,Role,00D36000000L6NwEAK,MD-0000628,00536000000yKQbAAM,Anand Sharma,2016-02-17T10:05:49+0530
SVPCustomerServiceSupport,Role,00D36000000L6NwEAK,MD-0000628,00536000000yKQbAAM,Anand Sharma,2016-02-17T10:05:49+0530
InstallationRepairServices,Role,00D36000000L6NwEAK,MD-0000628,00536000000yKQbAAM,Anand Sharma,2016-02-17T10:05:49+0530
ChannelSalesTeam,Role,00D36000000L6NwEAK,MD-0000628,00536000000yKQbAAM,Anand Sharma,2016-02-17T10:05:49+0530
DirectorChannelSales,Role,00D36000000L6NwEAK,MD-0000628,00536000000yKQbAAM,Anand Sharma,2016-02-17T10:05:49+0530
MarketingTeam,Role,00D36000000L6NwEAK,MD-0000628,00536000000yKQbAAM,Anand Sharma,2016-02-17T10:05:49+0530
CustomerSupportInternational,Role,00D36000000L6NwEAK,MD-0000628,00536000000yKQbAAM,Anand Sharma,2016-02-17T10:05:49+0530
SVPHumanResources,Role,00D36000000L6NwEAK,MD-0000628,00536000000yKQbAAM,Anand Sharma,2016-02-17T10:05:49+0530
VPNorthAmericanSales,Role,00D36000000L6NwEAK,MD-0000628,00536000000yKQbAAM,Anand Sharma,2016-02-17T10:05:49+0530
CEO,Role,00D36000000L6NwEAK,MD-0000628,00536000000yKQbAAM,Anand Sharma,2016-02-17T10:05:49+0530
VPInternationalSales,Role,00D36000000L6NwEAK,MD-0000628,00536000000yKQbAAM,Anand Sharma,2016-02-17T10:05:49+0530
EasternSalesTeam,Role,00D36000000L6NwEAK,MD-0000628,00536000000yKQbAAM,Anand Sharma,2016-02-17T10:05:49+0530
Company,Settings,00D36000000L6NwEAK,MD-0000628,00536000000yUa5AAE,Sri Kanth,1970-01-02T05:30:00+0530
Entitlement,Settings,00D36000000L6NwEAK,MD-0000628,00536000000yUa5AAE,Sri Kanth,1970-01-02T05:30:00+0530
Account,Settings,00D36000000L6NwEAK,MD-0000628,00536000000yUa5AAE,Sri Kanth,1970-01-02T05:30:00+0530
PathAssistant,Settings,00D36000000L6NwEAK,MD-0000628,00536000000yUa5AAE,Sri Kanth,1970-01-02T05:30:00+0530
Order,Settings,00D36000000L6NwEAK,MD-0000628,00536000000yUa5AAE,Sri Kanth,1970-01-02T05:30:00+0530
Security,Settings,00D36000000L6NwEAK,MD-0000628,00536000000yUa5AAE,Sri Kanth,1970-01-02T05:30:00+0530
ChatterAnswers,Settings,00D36000000L6NwEAK,MD-0000628,00536000000yUa5AAE,Sri Kanth,1970-01-02T05:30:00+0530
Mobile,Settings,00D36000000L6NwEAK,MD-0000628,00536000000yUa5AAE,Sri Kanth,1970-01-02T05:30:00+0530
LiveAgent,Settings,00D36000000L6NwEAK,MD-0000628,00536000000yUa5AAE,Sri Kanth,1970-01-02T05:30:00+0530
Knowledge,Settings,00D36000000L6NwEAK,MD-0000628,00536000000yUa5AAE,Sri Kanth,1970-01-02T05:30:00+0530
Forecasting,Settings,00D36000000L6NwEAK,MD-0000628,00536000000yUa5AAE,Sri Kanth,1970-01-02T05:30:00+0530
Case,Settings,00D36000000L6NwEAK,MD-0000628,00536000000yUa5AAE,Sri Kanth,1970-01-02T05:30:00+0530
Name,Settings,00D36000000L6NwEAK,MD-0000628,00536000000yUa5AAE,Sri Kanth,1970-01-02T05:30:00+0530
PersonalJourney,Settings,00D36000000L6NwEAK,MD-0000628,00536000000yUa5AAE,Sri Kanth,1970-01-02T05:30:00+0530
Activities,Settings,00D36000000L6NwEAK,MD-0000628,00536000000yUa5AAE,Sri Kanth,1970-01-02T05:30:00+0530
Contract,Settings,00D36000000L6NwEAK,MD-0000628,00536000000yUa5AAE,Sri Kanth,1970-01-02T05:30:00+0530
Address,Settings,00D36000000L6NwEAK,MD-0000628,00536000000yUa5AAE,Sri Kanth,1970-01-02T05:30:00+0530
Ideas,Settings,00D36000000L6NwEAK,MD-0000628,00536000000yUa5AAE,Sri Kanth,1970-01-02T05:30:00+0530
BusinessHours,Settings,00D36000000L6NwEAK,MD-0000628,00536000000yUa5AAE,Sri Kanth,1970-01-02T05:30:00+0530
Product,Settings,00D36000000L6NwEAK,MD-0000628,00536000000yUa5AAE,Sri Kanth,1970-01-02T05:30:00+0530
Opportunity,Settings,00D36000000L6NwEAK,MD-0000628,00536000000yUa5AAE,Sri Kanth,1970-01-02T05:30:00+0530
Quote,Settings,00D36000000L6NwEAK,MD-0000628,00536000000yUa5AAE,Sri Kanth,1970-01-02T05:30:00+0530
Lead,SharingRules,00D36000000L6NwEAK,MD-0000628,00536000000yUa5AAE,Sri Kanth,1970-01-02T05:30:00+0530
Releases__c,SharingRules,00D36000000L6NwEAK,MD-0000628,00536000000yKQbAAM,Anand Sharma,2016-02-17T10:19:41+0530
Campaign,SharingRules,00D36000000L6NwEAK,MD-0000628,00536000000yUa5AAE,Sri Kanth,1970-01-02T05:30:00+0530
MetadataLog__c,SharingRules,00D36000000L6NwEAK,MD-0000628,00536000000yKQbAAM,Anand Sharma,2016-02-17T10:19:40+0530
Account,SharingRules,00D36000000L6NwEAK,MD-0000628,00536000000yUa5AAE,Sri Kanth,1970-01-02T05:30:00+0530
Enviroment__c,SharingRules,00D36000000L6NwEAK,MD-0000628,00536000000yUa5AAE,Sri Kanth,2016-03-15T05:57:49+0530
Contact,SharingRules,00D36000000L6NwEAK,MD-0000628,00536000000yUa5AAE,Sri Kanth,1970-01-02T05:30:00+0530
Order,SharingRules,00D36000000L6NwEAK,MD-0000628,00536000000yUa5AAE,Sri Kanth,1970-01-02T05:30:00+0530
Asset,SharingRules,00D36000000L6NwEAK,MD-0000628,00536000000yUa5AAE,Sri Kanth,1970-01-02T05:30:00+0530
Quick_Deploy__c,SharingRules,00D36000000L6NwEAK,MD-0000628,00536000000yKQbAAM,Anand Sharma,2016-02-17T10:19:40+0530
MetadataDescription__c,SharingRules,00D36000000L6NwEAK,MD-0000628,00536000000yKQbAAM,Anand Sharma,2016-02-17T10:19:40+0530
DeploymentDetails__c,SharingRules,00D36000000L6NwEAK,MD-0000628,00536000000yKQbAAM,Anand Sharma,2016-02-17T10:19:40+0530
DeploymentSetting__c,SharingRules,00D36000000L6NwEAK,MD-0000628,00536000000yKQbAAM,Anand Sharma,2016-02-17T10:19:27+0530
Package__c,SharingRules,00D36000000L6NwEAK,MD-0000628,00536000000yKQbAAM,Anand Sharma,2016-02-17T10:19:40+0530
Case,SharingRules,00D36000000L6NwEAK,MD-0000628,00536000000yUa5AAE,Sri Kanth,1970-01-02T05:30:00+0530
Opportunity,SharingRules,00D36000000L6NwEAK,MD-0000628,00536000000yUa5AAE,Sri Kanth,1970-01-02T05:30:00+0530
User,SharingRules,00D36000000L6NwEAK,MD-0000628,00536000000yUa5AAE,Sri Kanth,1970-01-02T05:30:00+0530
AjaxLoader,StaticResource,00D36000000L6NwEAK,MD-0000628,00536000000yKQbAAM,Anand Sharma,2016-02-17T10:19:25+0530
Releases__c.GetPackages,WebLink,00D36000000L6NwEAK,MD-0000628,00536000000yKQbAAM,Anand Sharma,2016-02-28T12:46:19+0530
Campaign.ViewCampaignInfluenceReport,WebLink,00D36000000L6NwEAK,MD-0000628,00536000000yKQbAAM,Anand Sharma,2016-02-17T10:05:49+0530
ReleaseEnvironment__c.NewReleaseEnvironment,WebLink,00D36000000L6NwEAK,MD-0000628,00536000000yKQbAAM,Anand Sharma,2016-02-27T10:07:43+0530
Releases__c.Clone,WebLink,00D36000000L6NwEAK,MD-0000628,00536000000yKQbAAM,Anand Sharma,2016-02-28T12:45:40+0530
Releases__c.Deploy,WebLink,00D36000000L6NwEAK,MD-0000628,00536000000yUa5AAE,Sri Kanth,2016-02-27T03:03:18+0530
Releases__c.Validate,WebLink,00D36000000L6NwEAK,MD-0000628,00536000000yKQbAAM,Anand Sharma,2016-02-28T12:46:32+0530
Account.Billing,WebLink,00D36000000L6NwEAK,MD-0000628,00536000000yKQbAAM,Anand Sharma,2016-02-17T10:05:49+0530
Releases__c.Activate,WebLink,00D36000000L6NwEAK,MD-0000628,00536000000yKQbAAM,Anand Sharma,2016-02-28T12:45:12+0530
Enviroment__c.Auth2,WebLink,00D36000000L6NwEAK,MD-0000628,00536000000yKQbAAM,Anand Sharma,2016-02-27T10:12:01+0530
ReleasePackage__c.Change_Package_Source,WebLink,00D36000000L6NwEAK,MD-0000628,00536000000yKQbAAM,Anand Sharma,2016-04-04T11:13:54+0530
Case.UpsellCrosssellOpportunity,WebLink,00D36000000L6NwEAK,MD-0000628,00536000000yKQbAAM,Anand Sharma,2016-02-17T10:05:49+0530
Releases__c.DeActivate,WebLink,00D36000000L6NwEAK,MD-0000628,00536000000yKQbAAM,Anand Sharma,2016-02-28T12:45:54+0530
Opportunity.DeliveryStatus,WebLink,00D36000000L6NwEAK,MD-0000628,00536000000yKQbAAM,Anand Sharma,2016-02-17T10:05:49+0530
Enviroment__c.OAuth,WebLink,00D36000000L6NwEAK,MD-0000628,00536000000yKQbAAM,Anand Sharma,2016-02-22T02:02:58+0530
LandingPage,CustomPageWebLink,00D36000000L6NwEAK,MD-0000628,00536000000yKQbAAM,Anand Sharma,2016-02-17T10:19:35+0530
SOSSessionActivity,Workflow,00D36000000L6NwEAK,MD-0000628,00536000000yUa5AAE,Sri Kanth,1970-01-02T05:30:00+0530
UserProvisioningRequest,Workflow,00D36000000L6NwEAK,MD-0000628,00536000000yUa5AAE,Sri Kanth,1970-01-02T05:30:00+0530
Order,Workflow,00D36000000L6NwEAK,MD-0000628,00536000000yUa5AAE,Sri Kanth,1970-01-02T05:30:00+0530
Contract,Workflow,00D36000000L6NwEAK,MD-0000628,00536000000yUa5AAE,Sri Kanth,1970-01-02T05:30:00+0530
Opportunity,Workflow,00D36000000L6NwEAK,MD-0000628,00536000000yUa5AAE,Sri Kanth,1970-01-02T05:30:00+0530
DeploymentDetails__c,Workflow,00D36000000L6NwEAK,MD-0000628,00536000000yKQbAAM,Anand Sharma,2016-02-17T10:19:40+0530
Organization,Workflow,00D36000000L6NwEAK,MD-0000628,00536000000yUa5AAE,Sri Kanth,1970-01-02T05:30:00+0530
Idea,Workflow,00D36000000L6NwEAK,MD-0000628,00536000000yUa5AAE,Sri Kanth,1970-01-02T05:30:00+0530
MetadataDescription__c,Workflow,00D36000000L6NwEAK,MD-0000628,00536000000yKQbAAM,Anand Sharma,2016-02-17T10:19:40+0530
OrderItem,Workflow,00D36000000L6NwEAK,MD-0000628,00536000000yUa5AAE,Sri Kanth,1970-01-02T05:30:00+0530
DeployMetadata__c,Workflow,00D36000000L6NwEAK,MD-0000628,00536000000yKQbAAM,Anand Sharma,2016-02-17T10:19:39+0530
PackageComponent__c,Workflow,00D36000000L6NwEAK,MD-0000628,00536000000yKQbAAM,Anand Sharma,2016-02-17T10:19:40+0530
DeploymentSetting__c,Workflow,00D36000000L6NwEAK,MD-0000628,00536000000yKQbAAM,Anand Sharma,2016-02-17T10:19:27+0530
AssistantProgress,Workflow,00D36000000L6NwEAK,MD-0000628,00536000000yUa5AAE,Sri Kanth,1970-01-02T05:30:00+0530
Asset,Workflow,00D36000000L6NwEAK,MD-0000628,00536000000yUa5AAE,Sri Kanth,1970-01-02T05:30:00+0530
Site,Workflow,00D36000000L6NwEAK,MD-0000628,00536000000yUa5AAE,Sri Kanth,1970-01-02T05:30:00+0530
MacroAction,Workflow,00D36000000L6NwEAK,MD-0000628,00536000000yUa5AAE,Sri Kanth,1970-01-02T05:30:00+0530
Campaign,Workflow,00D36000000L6NwEAK,MD-0000628,00536000000yUa5AAE,Sri Kanth,1970-01-02T05:30:00+0530
Event,Workflow,00D36000000L6NwEAK,MD-0000628,00536000000yUa5AAE,Sri Kanth,1970-01-02T05:30:00+0530
FeedItem,Workflow,00D36000000L6NwEAK,MD-0000628,00536000000yUa5AAE,Sri Kanth,1970-01-02T05:30:00+0530
DuplicateRecordItem,Workflow,00D36000000L6NwEAK,MD-0000628,00536000000yUa5AAE,Sri Kanth,1970-01-02T05:30:00+0530
Account,Workflow,00D36000000L6NwEAK,MD-0000628,00536000000yUa5AAE,Sri Kanth,1970-01-02T05:30:00+0530
DandBCompany,Workflow,00D36000000L6NwEAK,MD-0000628,00536000000yUa5AAE,Sri Kanth,1970-01-02T05:30:00+0530
Solution,Workflow,00D36000000L6NwEAK,MD-0000628,00536000000yUa5AAE,Sri Kanth,1970-01-02T05:30:00+0530
Lead,Workflow,00D36000000L6NwEAK,MD-0000628,00536000000yUa5AAE,Sri Kanth,1970-01-02T05:30:00+0530
Releases__c,Workflow,00D36000000L6NwEAK,MD-0000628,00536000000yKQbAAM,Anand Sharma,2016-02-17T10:19:41+0530
Macro,Workflow,00D36000000L6NwEAK,MD-0000628,00536000000yUa5AAE,Sri Kanth,1970-01-02T05:30:00+0530
MacroInstruction,Workflow,00D36000000L6NwEAK,MD-0000628,00536000000yUa5AAE,Sri Kanth,1970-01-02T05:30:00+0530
Task,Workflow,00D36000000L6NwEAK,MD-0000628,00536000000yUa5AAE,Sri Kanth,1970-01-02T05:30:00+0530
Package__c,Workflow,00D36000000L6NwEAK,MD-0000628,00536000000yKQbAAM,Anand Sharma,2016-02-17T10:19:40+0530
Quick_Deploy__c,Workflow,00D36000000L6NwEAK,MD-0000628,00536000000yKQbAAM,Anand Sharma,2016-02-17T10:19:40+0530
MetadataLog__c,Workflow,00D36000000L6NwEAK,MD-0000628,00536000000yKQbAAM,Anand Sharma,2016-02-17T10:19:40+0530
Contact,Workflow,00D36000000L6NwEAK,MD-0000628,00536000000yUa5AAE,Sri Kanth,1970-01-02T05:30:00+0530
OpportunityLineItem,Workflow,00D36000000L6NwEAK,MD-0000628,00536000000yUa5AAE,Sri Kanth,1970-01-02T05:30:00+0530
StreamingChannel,Workflow,00D36000000L6NwEAK,MD-0000628,00536000000yUa5AAE,Sri Kanth,1970-01-02T05:30:00+0530
UserLicense,Workflow,00D36000000L6NwEAK,MD-0000628,00536000000yUa5AAE,Sri Kanth,1970-01-02T05:30:00+0530
ReleaseEnvironment__c,Workflow,00D36000000L6NwEAK,MD-0000628,00536000000yKQbAAM,Anand Sharma,2016-02-17T10:19:40+0530
ReleasePackage__c,Workflow,00D36000000L6NwEAK,MD-0000628,00536000000yKQbAAM,Anand Sharma,2016-02-17T10:19:40+0530
Product2,Workflow,00D36000000L6NwEAK,MD-0000628,00536000000yUa5AAE,Sri Kanth,1970-01-02T05:30:00+0530
User,Workflow,00D36000000L6NwEAK,MD-0000628,00536000000yUa5AAE,Sri Kanth,1970-01-02T05:30:00+0530
SOSSession,Workflow,00D36000000L6NwEAK,MD-0000628,00536000000yUa5AAE,Sri Kanth,1970-01-02T05:30:00+0530
Enviroment__c,Workflow,00D36000000L6NwEAK,MD-0000628,00536000000yUa5AAE,Sri Kanth,2016-03-15T05:57:49+0530
DuplicateRecordSet,Workflow,00D36000000L6NwEAK,MD-0000628,00536000000yUa5AAE,Sri Kanth,1970-01-02T05:30:00+0530
CampaignMember,Workflow,00D36000000L6NwEAK,MD-0000628,00536000000yUa5AAE,Sri Kanth,1970-01-02T05:30:00+0530
Case,Workflow,00D36000000L6NwEAK,MD-0000628,00536000000yUa5AAE,Sri Kanth,1970-01-02T05:30:00+0530
USEscalations,Queue,00D36000000L6NwEAK,MD-0000628,00536000000yKQbAAM,Anand Sharma,2016-02-17T10:05:49+0530
InternationalLeads,Queue,00D36000000L6NwEAK,MD-0000628,00536000000yKQbAAM,Anand Sharma,2016-02-17T10:05:49+0530
InternationalSilverBronze,Queue,00D36000000L6NwEAK,MD-0000628,00536000000yKQbAAM,Anand Sharma,2016-02-17T10:05:49+0530
InternationalEscalations,Queue,00D36000000L6NwEAK,MD-0000628,00536000000yKQbAAM,Anand Sharma,2016-02-17T10:05:49+0530
USLeads,Queue,00D36000000L6NwEAK,MD-0000628,00536000000yKQbAAM,Anand Sharma,2016-02-17T10:05:49+0530
InternationalPlatinumGold,Queue,00D36000000L6NwEAK,MD-0000628,00536000000yKQbAAM,Anand Sharma,2016-02-17T10:05:49+0530
PartnerRelations,Queue,00D36000000L6NwEAK,MD-0000628,00536000000yKQbAAM,Anand Sharma,2016-02-17T10:05:49+0530
USPlatinumGold,Queue,00D36000000L6NwEAK,MD-0000628,00536000000yKQbAAM,Anand Sharma,2016-02-17T10:05:49+0530
USSilverBronze,Queue,00D36000000L6NwEAK,MD-0000628,00536000000yKQbAAM,Anand Sharma,2016-02-17T10:05:49+0530
ServerBase,ConnectedApp,00D36000000L6NwEAK,MD-0000628,00536000000yUa5AAE,Sri Kanth,2016-03-17T05:18:14+0530
ServerNonBase,ConnectedApp,00D36000000L6NwEAK,MD-0000628,00536000000yKQbAAM,Anand Sharma,2016-02-22T02:09:50+0530
ServerSelf,ConnectedApp,00D36000000L6NwEAK,MD-0000628,00536000000yUa5AAE,Sri Kanth,2016-02-22T01:11:54+0530
Metric.Progress,RecordType,00D36000000L6NwEAK,MD-0000628,00536000001FEQgAAO,Automated Process,2016-02-17T10:05:49+0530
Releases__c.OpenRelease,RecordType,00D36000000L6NwEAK,MD-0000628,00536000000yKQbAAM,Anand Sharma,2016-04-07T02:33:03+0530
Releases__c.Active,RecordType,00D36000000L6NwEAK,MD-0000628,00536000000yKQbAAM,Anand Sharma,2016-04-07T02:33:03+0530
Releases__c.DeployedRelease,RecordType,00D36000000L6NwEAK,MD-0000628,00536000000yKQbAAM,Anand Sharma,2016-04-07T02:33:03+0530
Metric.Completion,RecordType,00D36000000L6NwEAK,MD-0000628,00536000001FEQgAAO,Automated Process,2016-02-17T10:05:49+0530
Releases__c.Release_Name_Change_in_Active_Status,ValidationRule,00D36000000L6NwEAK,MD-0000628,00536000000yKQbAAM,Anand Sharma,2016-02-17T10:19:33+0530
DeploymentDetails__c.Update_Notification_Email_Id,WorkflowFieldUpdate,00D36000000L6NwEAK,MD-0000628,00536000000yKQbAAM,Anand Sharma,2016-02-17T10:37:09+0530
MetadataLog__c.OutboundForMetadata,WorkflowRule,00D36000000L6NwEAK,MD-0000628,00536000000yKQbAAM,Anand Sharma,2016-02-17T10:57:28+0530
MetadataLog__c.SyncRelease,WorkflowRule,00D36000000L6NwEAK,MD-0000628,00536000000yKQbAAM,Anand Sharma,2016-02-17T11:00:25+0530
DeploymentDetails__c.Notification for Activity Details,WorkflowRule,00D36000000L6NwEAK,MD-0000628,00536000000yKQbAAM,Anand Sharma,2016-02-17T10:48:18+0530
MetadataLog__c.OutboundForDeployMetadata,WorkflowRule,00D36000000L6NwEAK,MD-0000628,00536000000yKQbAAM,Anand Sharma,2016-04-07T01:08:53+0530
MetadataLog__c.ReleaseSync,WorkflowOutboundMessage,00D36000000L6NwEAK,MD-0000628,00536000000yUa5AAE,Sri Kanth,2016-02-27T11:23:36+0530
MetadataLog__c.RetriveMetadata,WorkflowOutboundMessage,00D36000000L6NwEAK,MD-0000628,00536000000yUa5AAE,Sri Kanth,2016-02-27T11:25:03+0530
MetadataLog__c.DeployMetadata,WorkflowOutboundMessage,00D36000000L6NwEAK,MD-0000628,00536000000yUa5AAE,Sri Kanth,2016-02-27T11:22:02+0530
DeploymentDetails__c.Notification_on_Deployment,WorkflowAlert,00D36000000L6NwEAK,MD-0000628,00536000000yKQbAAM,Anand Sharma,2016-02-17T10:48:13+0530
